timestep,result
12000,-518.2366545200348
24000,-689.78232473135
36000,-1069.2047764658928
48000,-1550.2083550691605
60000,-920.0862826108932
72000,-1112.3133692741394
84000,-1364.9541451931
96000,-561.8638024926186
108000,-934.645285487175
120000,-431.3833835721016
132000,-1424.1583479642868
144000,-611.4826184511185
156000,-661.9352459311485
168000,-674.0021427869797
180000,-888.8800957202911
192000,-671.9195685386658
204000,-512.3512529730797
216000,-486.53069335222244
228000,-282.0930389761925
240000,-722.2213132381439
252000,-649.7768082022667
264000,-432.59045284986496
276000,-904.4331918954849
288000,-541.2369762063026
300000,-592.0977004766464
312000,-592.8732329010963
324000,-517.4204470515251
336000,-652.5778208374977
348000,-567.563363134861
360000,-528.3623524308205
372000,-609.1765590310097
384000,-645.053693830967
396000,-805.6114677190781
408000,-583.5242894291878
420000,-564.3746861815453
432000,-577.1849299669266
444000,-467.44348657131195
456000,-739.5136345624924
468000,-475.3016864657402
480000,-609.2430686354637
492000,-708.8613149523735
504000,-617.1618080735207
516000,-459.2915793657303
528000,-536.9959552288055
540000,-590.7873678207397
552000,-546.7919870615005
564000,-477.3281908631325
576000,-250.73661591112614
588000,-555.4322270751
600000,-534.9935129284859
612000,-625.3560963273048
624000,-554.3874757289886
636000,-604.155028283596
648000,-640.5395370125771
660000,-529.8136662244797
672000,-376.47910495102406
684000,-631.5127574801445
696000,-409.71912956237793
708000,-576.361085653305
720000,-616.4565650224686
732000,-612.5570724010468
744000,-578.1290892958641
756000,-587.2872064709663
768000,-492.49942177534103
780000,-305.3464567363262
792000,-556.7521694004536
804000,-390.2920916080475
816000,-371.7706642523408
828000,-628.8121678829193
840000,-540.3769659996033
852000,-315.2025408297777
864000,-711.693300485611
876000,-618.4584191441536
888000,-721.0506998896599
900000,-638.8388034105301
912000,-260.377625182271
924000,-460.0126134455204
936000,-93.81483263522387
948000,-381.7155690193176
960000,-108.71759421005845
972000,-682.4785998463631
984000,-785.760213136673
996000,-495.6982608139515
1008000,-598.4538247585297
1020000,-604.8927128314972
1032000,-658.261883020401
1044000,-686.0155296325684
1056000,-578.4987965226173
1068000,-706.6882616281509
1080000,-552.3168985247612
1092000,-541.8265773057938
1104000,-646.62446808815
1116000,-643.4494380950928
1128000,-410.4659877792001
1140000,-570.7562490701675
1152000,-523.1219594478607
1164000,-548.764710009098
1176000,-603.9249777197838
1188000,-781.0041691064835
1200000,-810.4393734931946
1212000,-834.1753886342049
1224000,-673.0784208774567
1236000,-52.64297207444906
1248000,-469.7507132291794
1260000,-22.528229422867298
1272000,-505.18880918622017
1284000,-431.9581450223923
1296000,-595.5886640548706
1308000,-699.1333355307579
1320000,-628.3618181347847
1332000,-279.56510254740715
1344000,-753.9231756925583
1356000,-546.0224984884262
1368000,-645.1695767641068
1380000,-61.413076519966125
1392000,-578.4224342703819
1404000,-305.7239405065775
1416000,-788.9452106952667
1428000,-481.72153101861477
1440000,-430.34470495581627
1452000,-261.9682221263647
1464000,-583.3022174835205
1476000,-195.62851690873504
1488000,-51.43563773483038
1500000,-270.3624340854585
1512000,-58.882591642439365
1524000,-394.4944770038128
1536000,-508.44577246904373
1548000,-283.7571479715407
1560000,-446.93322444707155
1572000,-583.3307989835739
1584000,-602.9825329184532
1596000,-334.021104156971
1608000,-602.2739597558975
1620000,-391.58375541865826
1632000,-197.33114202320576
1644000,-186.02581503242254
1656000,-426.8510038256645
1668000,-77.16752672940493
1680000,-20.53856758773327
1692000,-243.3771099820733
1704000,-384.32389014959335
1716000,-455.8387433886528
1728000,-125.97581887245178
1740000,-368.9476668536663
1752000,-271.506426230073
1764000,-243.5025366693735
1776000,-486.0313843488693
1788000,-333.68753036111593
1800000,-546.4332237839699
1812000,-24.29456840455532
1824000,-608.2865506410599
1836000,-28.044594652950764
1848000,-337.3997690975666
1860000,-497.55868780612946
1872000,-860.9321140050888
1884000,-331.6349204182625
1896000,-178.90968608111143
1908000,-240.58943740278482
1920000,-91.38327699899673
1932000,-290.1194199323654
1944000,-551.4515576958656
1956000,-231.26960329711437
1968000,-316.01812379062176
1980000,-272.87460777163506
1992000,-11.6385103687644
2004000,-385.10800924897194
2016000,-410.89771646261215
2028000,-498.1798508167267
2040000,-317.9964003562927
2052000,-641.9967241883278
2064000,-291.59026899933815
2076000,-352.858959376812
2088000,-15.0622513666749
2100000,-266.5397797077894
2112000,-673.313490986824
2124000,-397.3329666852951
2136000,-660.2551524043083
2148000,-538.3815199136734
2160000,-242.54978351294994
2172000,-445.4958599805832
2184000,-407.8893920183182
2196000,-617.3012585639954
2208000,-533.5564214587212
2220000,-517.7465699911118
2232000,-189.64632429927588
2244000,-30.342154897749424
2256000,-367.77346463501453
2268000,-550.7367664575577
2280000,-594.2861207723618
2292000,-461.31585681438446
2304000,-282.6506194472313
2316000,-566.2521553039551
2328000,-410.8030272126198
2340000,-312.49998049438
2352000,-298.58418937027454
2364000,-522.7726244330406
2376000,-130.1553058028221
2388000,-40.329149290919304
2400000,-265.29525427520275
2412000,-456.17016354203224
2424000,-302.54593285918236
2436000,-322.24242743849754
2448000,-390.14510601758957
2460000,-355.21594828367233
2472000,-619.4577598571777
2484000,-248.7919014468789
2496000,-628.1681158542633
2508000,2.1904666051268578
2520000,-359.1022008359432
2532000,-239.8839008063078
2544000,-384.5769350156188
2556000,-433.4324118643999
2568000,-470.25972667336464
2580000,-583.0089126825333
2592000,-36.039442360401154
2604000,-296.5676202625036
2616000,-515.3333476781845
2628000,-109.34916549921036
2640000,-245.9551594555378
2652000,-395.0692737698555
2664000,-170.78514558076859
2676000,-146.74110577255487
2688000,-217.1227681785822
2700000,-219.74127601087093
2712000,-55.87306257337332
2724000,-469.5743738412857
2736000,-429.3593120276928
2748000,-618.5314774513245
2760000,-222.6748065277934
2772000,-569.6594640314579
2784000,-465.10493095219135
2796000,-425.4212394654751
2808000,-309.79636173695326
2820000,-76.94198525696993
2832000,-286.1556218415499
2844000,-507.6370399296284
2856000,-290.75536777079105
2868000,-267.2614173218608
2880000,-211.17983519285917
2892000,-100.27628668397665
2904000,-470.9249538779259
2916000,-219.3818317502737
2928000,-304.5036439746618
2940000,-343.97311763465405
2952000,-76.04551230370998
2964000,-496.91695749759674
2976000,-734.4660642147064
2988000,-805.3466596603394
3000000,-493.5395612716675
3012000,-147.45164854824543
3024000,-490.13372552394867
3036000,-131.3513622507453
3048000,-455.5477995276451
3060000,-250.90563970804214
3072000,-637.0878392457962
3084000,-621.213524878025
3096000,-484.3701875805855
3108000,-477.02753734588623
3120000,-115.83636109530926
3132000,-267.3997913226485
3144000,-262.9132088571787
3156000,-449.0159061551094
3168000,-42.448275186121464
3180000,-368.5914504826069
3192000,-84.58222761750221
3204000,-420.20352441072464
3216000,-431.5397857129574
3228000,-144.04210966825485
3240000,-187.94572347030044
3252000,-324.28860281407833
3264000,-266.06964561343193
3276000,-414.2682076394558
3288000,-414.6754770576954
3300000,-187.14135138690472
3312000,-91.57517222315073
3324000,-303.5151921361685
3336000,-285.5449917986989
3348000,-5.165419064462185
3360000,-129.42544773966074
3372000,-185.3023186698556
3384000,-303.1907013654709
3396000,-666.5112298727036
3408000,-196.98354709893465
3420000,-118.00064218789339
3432000,-383.4742863625288
3444000,-137.386110894382
3456000,-169.1014787182212
3468000,-337.60288017988205
3480000,-264.7463294118643
3492000,-236.99709206819534
3504000,-43.84759437292814
3516000,-334.67791871726513
3528000,-209.0937013477087
3540000,-121.51876623183489
3552000,-194.94179843366146
3564000,-176.5963199287653
3576000,-490.39628368616104
3588000,-486.44030624628067
3600000,-244.22980278730392
3612000,-176.0051501840353
3624000,-255.8970845490694
3636000,-477.2548505663872
3648000,-116.2735141441226
3660000,-267.23029243946075
3672000,-265.0271795094013
3684000,-168.4491627663374
3696000,-222.39227238297462
3708000,14.739831980317831
3720000,-15.800084259361029
3732000,-201.88321228325367
3744000,-193.53525710850954
3756000,-525.1861007809639
3768000,-330.83473110198975
3780000,-642.2696992754936
3792000,-109.28027711808681
3804000,-40.874259643256664
3816000,-399.01039469242096
3828000,-207.89064801484346
3840000,-102.23458563536406
3852000,-521.411584019661
3864000,-176.78138455748558
3876000,-243.68430820852518
3888000,-18.287828281521797
3900000,-269.28403110802174
3912000,-664.3243799805641
3924000,-81.65270767360926
3936000,-92.08615233749151
3948000,-100.14543028175831
3960000,-164.6120901107788
3972000,-93.57268378138542
3984000,-58.264976281672716
3996000,-48.73348926752806
4008000,-569.9417753219604
4020000,-450.0506066977978
4032000,-287.98610408604145
4044000,-282.02909272909164
4056000,-174.69501235336065
4068000,-72.1508212685585
4080000,-260.9685695320368
4092000,-261.6666555777192
4104000,-283.04198168218136
4116000,-264.48723708093166
4128000,-312.5060620158911
4140000,-627.2534056305885
4152000,-288.7171530276537
4164000,-200.00320367142558
4176000,-56.83673166483641
4188000,-60.043124720454216
4200000,-321.26191958785057
4212000,-125.23448430746794
4224000,-169.0860302746296
4236000,-416.5634572505951
4248000,-79.90685192495584
4260000,-313.4345718920231
4272000,-230.81517230719328
4284000,-182.65670324862003
4296000,-191.92551255971193
4308000,-134.62854559719563
4320000,-443.2461913228035
4332000,-399.1814948320389
4344000,-350.93340316414833
4356000,-24.695488292723894
4368000,-410.61606233567
4380000,-484.06869983673096
4392000,-454.2706573009491
4404000,-194.62736182659864
4416000,-7.794933462515473
4428000,-186.97267723083496
4440000,-58.484672866761684
4452000,-255.46932151541114
4464000,-280.12733678519726
4476000,-16.153922766447067
4488000,25.541535649448633
4500000,-169.1524412110448
4512000,-209.9989462569356
4524000,-145.29910602420568
4536000,-34.677577532827854
4548000,-1.6124963462352753
4560000,-61.7941302023828
4572000,-290.1519433557987
4584000,-595.0899876356125
4596000,-100.97225759923458
4608000,-22.813299022614956
4620000,-421.3269734531641
4632000,-268.42833311110735
4644000,-194.31294674426317
4656000,-133.34767211973667
4668000,-122.97557707130909
4680000,-426.13018552958965
4692000,-47.033463321626186
4704000,-147.7347850650549
4716000,-104.72868173569441
4728000,-371.55129665881395
4740000,-74.90536670386791
4752000,-368.5022144317627
4764000,-143.20441836118698
4776000,-392.2551960386336
4788000,-10.354557499289513
4800000,-174.3532758653164
4812000,-197.61615666747093
4824000,-180.0974990427494
4836000,-103.80851285904646
4848000,-437.4829520583153
4860000,-137.89472886174917
4872000,-206.03612767904997
4884000,-186.58964927494526
4896000,-306.78210058808327
4908000,-671.3590416908264
4920000,3.281758636236191
4932000,-244.78236221522093
4944000,-98.31261625140905
4956000,-135.99037525430322
4968000,-277.7680124565959
4980000,-100.91500587761402
4992000,-215.88977976888418
5004000,-133.9708432033658
5016000,-284.0000517219305
5028000,-429.9180039167404
5040000,-170.9743957221508
5052000,-366.8618349060416
5064000,-507.4184713959694
5076000,-46.36478451639414
5088000,-423.75129021704197
5100000,-60.49839176237583
5112000,-11.607720647007227
5124000,-76.04929296672344
5136000,-337.2461921647191
5148000,-137.20710300654173
5160000,-30.550282046198845
5172000,3.4027382358908653
5184000,-44.37646122276783
5196000,-223.86511760950089
5208000,-215.29169434309006
5220000,-134.55486729741096
5232000,-656.0175390839577
5244000,-125.8450915440917
5256000,-16.28140839189291
5268000,-164.38424130529165
5280000,-144.91693266108632
5292000,-294.4528691470623
5304000,-231.48258396983147
5316000,-232.6573607698083
5328000,-354.40986581146717
5340000,-256.484995149076
5352000,-59.45364274829626
5364000,-515.3876584172249
5376000,8.85987196303904
5388000,-68.32699964940548
5400000,-102.16280838102102
5412000,-32.18117867782712
5424000,-216.3892730921507
5436000,-466.20456260442734
5448000,-414.70992743968964
5460000,-270.55135238170624
5472000,-45.142869621515274
5484000,-145.57946079969406
5496000,-29.283552434295416
5508000,-190.41774880886078
5520000,-116.70080914348364
5532000,-155.50267998874187
5544000,-39.058160450309515
5556000,-80.93702775239944
5568000,-33.69260074198246
5580000,-455.43627329170704
5592000,-495.54953169822693
5604000,-78.8638920634985
5616000,-255.33182954788208
5628000,-508.8553599268198
5640000,-229.58198683708906
5652000,-342.0248439460993
5664000,-494.51294189691544
5676000,-131.5543688684702
5688000,-567.7502012252808
5700000,-247.85476660728455
5712000,-138.4573690444231
5724000,-604.9727202057838
5736000,-181.63668206334114
5748000,-224.64655177295208
5760000,-177.0824713036418
5772000,-15.380528625100851
5784000,-742.9740716218948
5796000,-444.20692536234856
5808000,-288.9299158155918
5820000,-290.27611842751503
5832000,-236.6860725954175
5844000,-85.49135812371969
5856000,-379.1306155323982
5868000,-90.39186822623014
5880000,-61.13962705433369
5892000,-80.85003309696913
5904000,-411.7543703764677
5916000,-139.77181589603424
5928000,-132.43796561658382
5940000,-260.58792252093554
5952000,-634.2363060116768
5964000,-9.581222899258137
5976000,-58.54305189102888
5988000,-212.13775555044413
6000000,-194.90033883601427
6012000,-512.8393505513668
6024000,-466.0532093346119
6036000,-12.130945727229118
6048000,-214.48618890345097
6060000,-191.18322660773993
6072000,-155.8815985918045
6084000,-604.4168125391006
6096000,-246.55970510840416
6108000,-257.9702548235655
6120000,-121.95257797837257
6132000,-71.00944330915809
6144000,13.024040769785643
6156000,-247.22798478603363
6168000,-391.095442712307
6180000,-9.227181263267994
6192000,-423.9266924858093
6204000,-460.55230072140694
6216000,-294.6271768286824
6228000,-318.5766312032938
6240000,-221.00936045497656
6252000,-464.1590711772442
6264000,-27.69349278509617
6276000,-142.09270194917917
6288000,-309.7631182819605
6300000,-203.3983735665679
6312000,-349.2931033670902
6324000,-84.11911613121629
6336000,-671.8742133378983
6348000,-188.3660114184022
6360000,-59.64203163981438
6372000,-212.59972166270018
6384000,-276.124766908586
6396000,-4.084107540547848
6408000,-104.39159890264273
6420000,-16.281699303537607
6432000,-58.66376208513975
6444000,-194.67967231571674
6456000,-184.253314640373
6468000,-276.58111414313316
6480000,-79.26838295161724
6492000,-249.33601413667202
6504000,-22.6797002106905
6516000,-372.38804814592004
6528000,-72.13827700167894
6540000,-287.25738486647606
6552000,-69.83612137287855
6564000,10.992059100419283
6576000,-6.845014035701752
6588000,-260.1966813504696
6600000,-12.864342719316483
6612000,-210.75077226758003
6624000,-33.65035626292229
6636000,-57.72699774801731
6648000,-128.78630397468805
6660000,-613.8303722143173
6672000,-177.4852528423071
6684000,-12.603964164853096
6696000,-218.78960129618645
6708000,-173.66474076360464
6720000,-9.95344989746809
6732000,-421.2285674214363
6744000,-63.31124299764633
6756000,-149.78944563120604
6768000,-77.17030964046717
6780000,-736.4178409576416
6792000,-110.40810196101665
6804000,-95.51469195634127
6816000,-131.26525968313217
6828000,-97.18793984502554
6840000,-405.28978154063225
6852000,9.716761995106936
6864000,-42.04783930629492
6876000,-131.01089346036315
6888000,-25.04070531576872
6900000,-124.00879856944084
6912000,-733.1033303141594
6924000,-107.37443001195788
6936000,-504.3443234860897
6948000,-60.430955681949854
6960000,-217.08588470891118
6972000,-192.15798306837678
6984000,-96.23659121990204
6996000,-159.80475868284702
7008000,-91.89988195896149
7020000,-155.195278596133
7032000,-86.38782546669245
7044000,-63.78159634768963
7056000,-5.292661253362894
7068000,-108.6510830745101
7080000,-51.13961412757635
7092000,-230.30802716314793
7104000,-95.50513377040625
7116000,-212.19740157201886
7128000,-85.87159480154514
7140000,0.6931988708674908
7152000,-474.35491198301315
7164000,-387.43247297406197
7176000,-30.89783389866352
7188000,-39.41259206831455
7200000,-38.24162757024169
7212000,-50.43025290966034
7224000,-414.81167981028557
7236000,-45.5352763608098
7248000,-84.09392662346363
7260000,-235.2515321597457
7272000,-19.16500674188137
7284000,-328.9377877339721
7296000,-623.3605616092682
7308000,-63.82965652644634
7320000,-276.55703224241734
7332000,-276.1149299144745
7344000,-332.54818891733885
7356000,-253.08113719522953
7368000,-147.26835348457098
7380000,-384.9319934248924
7392000,-426.7923023328185
7404000,-0.4671367444097996
7416000,-33.91980142146349
7428000,-48.36783416569233
7440000,-67.68027536571026
7452000,-246.90131099522114
7464000,-236.75864499807358
7476000,-140.12619534879923
7488000,-32.83802431076765
7500000,-53.35853611677885
7512000,-8.863399930298328
7524000,-162.6566287651658
7536000,-183.21076807379723
7548000,-341.1862059533596
7560000,-221.66621144860983
7572000,-31.07667012885213
7584000,-164.9100137874484
7596000,-202.6578329205513
7608000,-69.95229119807482
7620000,1.477464845404029
7632000,-168.8815152645111
7644000,-51.631878562271595
7656000,-247.03087470680475
7668000,-223.00086096674204
7680000,-133.44353404641151
7692000,-215.25311101973057
7704000,-88.96145737171173
7716000,-30.46710341796279
7728000,-442.4438165426254
7740000,-465.8041862845421
7752000,-38.43213318660855
7764000,2.2402122020721436
7776000,-193.99982070922852
7788000,-41.68017692863941
7800000,-375.81684850901365
7812000,-692.5904060602188
7824000,-3.5290204025804996
7836000,-605.9023469090462
7848000,-14.156429216265678
7860000,-304.77616192400455
7872000,-15.548903966322541
7884000,9.026678048074245
7896000,-232.75217789411545
7908000,-72.17558781802654
7920000,7.543094899505377
7932000,-12.790154002606869
7944000,-50.388370629400015
7956000,-210.31229631602764
7968000,-183.8250460550189
7980000,-92.35623914003372
7992000,-121.41429409384727
8004000,-269.95188265293837
8016000,-369.1978128403425
8028000,-244.3851773813367
8040000,-499.30126228928566
8052000,-464.8312094807625
8064000,-228.29621151834726
8076000,-161.1789943948388
8088000,-175.21662973612547
8100000,-73.08076651394367
8112000,-123.39467050135136
8124000,10.399029701948166
8136000,-31.419906616210938
8148000,-169.26038862019777
8160000,-39.71776536852121
8172000,-1.3390888534486294
8184000,-490.8253318667412
8196000,-90.65003034472466
8208000,-480.67804700136185
8220000,-30.034383345395327
8232000,-335.3667553141713
8244000,-183.64420156925917
8256000,-23.928777061402798
8268000,-432.62823909521103
8280000,-424.9161297827959
8292000,-268.5583893954754
8304000,-54.03851120173931
8316000,-206.3889112919569
8328000,-171.66519641131163
8340000,-394.69223949313164
8352000,-562.5155195593834
8364000,1.6782141998410225
8376000,-197.91852804273367
8388000,-19.4385628066957
8400000,-96.85122213512659
8412000,-235.07232876867056
8424000,-126.0390920266509
8436000,-599.4156067967415
8448000,-47.68941376358271
8460000,-38.3718284368515
8472000,-570.0292771160603
8484000,-443.00364668667316
8496000,-125.42904312163591
8508000,-26.034499514847994
8520000,12.91404090076685
8532000,-53.21037381142378
8544000,-97.13921782374382
8556000,-150.7933877259493
8568000,-536.138963341713
8580000,-131.76536874473095
8592000,-150.82081801444292
8604000,-278.8555864356458
8616000,-10.622291304171085
8628000,-211.520726300776
8640000,-35.09595526754856
8652000,-157.42453920841217
8664000,-236.15638630092144
8676000,-274.9923765361309
8688000,-6.8175009079277515
8700000,-88.03710463643074
8712000,-289.06488678604364
8724000,-190.22668899595737
8736000,-265.2235783338547
8748000,-77.0114825218916
8760000,-47.31793390214443
8772000,-105.04029292613268
8784000,-64.85864191502333
8796000,-56.26947591453791
8808000,-61.367044523358345
8820000,-53.020734928548336
8832000,-320.950669541955
8844000,-139.07361518591642
8856000,-185.7493724822998
8868000,-5.138799052685499
8880000,-240.88877895474434
8892000,-210.96575570106506
8904000,0.47624485194683075
8916000,-106.89849496632814
8928000,-476.0113867819309
8940000,-222.66388499736786
8952000,-534.3274673223495
8964000,-178.33263912796974
8976000,-269.83579332381487
8988000,-481.1444465368986
9000000,-40.39974893629551
9012000,-593.5490434169769
9024000,-254.66341910511255
9036000,-16.613345451653004
9048000,-46.19213707000017
9060000,-39.20076936483383
9072000,-218.5873386748135
9084000,-330.0915825366974
9096000,-126.24318380653858
9108000,-119.0480020493269
9120000,-202.78778268396854
9132000,-267.1016781628132
9144000,-161.42072593420744
9156000,-13.619217857718468
9168000,-127.37260602414608
9180000,-595.3006005883217
9192000,-44.44281458109617
9204000,-77.73781070113182
9216000,-51.54851758480072
9228000,-34.660186275839806
9240000,-39.41921363770962
9252000,-131.07154159992933
9264000,-47.224379777908325
9276000,-98.56325548142195
9288000,-1.7539230845868587
9300000,-174.46363478153944
9312000,-132.42446336895227
9324000,-360.55367331951857
9336000,-508.3409316390753
9348000,-77.86945005506277
9360000,-10.451805382966995
9372000,-233.3221937045455
9384000,-112.61241248622537
9396000,-998.5635647773743
9408000,-193.80939196795225
9420000,-71.79109460115433
9432000,-203.562072083354
9444000,-175.2202141880989
9456000,-430.55850879848003
9468000,-276.027606010437
9480000,-136.80202751606703
9492000,-441.8763124346733
9504000,-35.578659534454346
9516000,-116.71519640088081
9528000,-140.81760343164206
9540000,-180.21100629866123
9552000,-120.58195543289185
9564000,-63.85823417454958
9576000,-524.8523488342762
9588000,-150.24614913016558
9600000,-65.72209623456001
9612000,-184.3888032734394
9624000,-112.30858004838228
9636000,-169.07312340289354
9648000,-17.188643887639046
9660000,-96.82799992710352
9672000,-355.8308473043144
9684000,-93.09386377036572
9696000,-197.8147345855832
9708000,-240.19192792475224
9720000,-13.548662468791008
9732000,-639.4549448490143
9744000,-215.1005515307188
9756000,-217.27717693522573
9768000,-624.0668920874596
9780000,-104.00381807982922
9792000,-170.43385604023933
9804000,-468.37514159828424
9816000,-4.184788558632135
9828000,-24.21129660308361
9840000,-111.95817351341248
9852000,-19.640106946229935
9864000,-148.7495749667287
9876000,-171.36392606794834
9888000,-102.94615725427866
9900000,-89.22008790820837
9912000,-393.988883048296
9924000,-311.3407960012555
9936000,-61.27253855392337
9948000,-260.8456032201648
9960000,-116.73329889029264
9972000,-135.98154364526272
9984000,-679.4775488376617
9996000,-27.65049248188734
10008000,-468.123477935791
10020000,-514.0950202941895
10032000,-83.02139435708523
10044000,-103.83392475917935
10056000,-26.55488945916295
10068000,-113.05467841774225
10080000,-218.03973818570375
10092000,-128.505953758955
10104000,-37.509627655148506
10116000,-39.6346286162734
10128000,-46.92147182300687
10140000,-221.2848571240902
10152000,-88.84691424667835
10164000,-51.73629729449749
10176000,-62.68405309692025
10188000,-402.8500456213951
10200000,-234.80002170056105
10212000,-154.98527161031961
10224000,-519.5631443709135
10236000,-303.8317391574383
10248000,0.5302336327731609
10260000,-98.75057321041822
10272000,-486.72356724739075
10284000,-37.32820284739137
10296000,-124.39705105870962
10308000,-39.6172676384449
10320000,-339.70606999099255
10332000,-101.5197583436966
10344000,-53.42433512210846
10356000,-479.56870202720165
10368000,-477.7198712825775
10380000,-529.9347053766251
10392000,-228.44854230433702
10404000,-186.81400296092033
10416000,-48.35163916647434
10428000,-28.08689270168543
10440000,-244.5302279293537
10452000,-73.3599302880466
10464000,-49.77935466915369
10476000,-104.60201471298933
10488000,-18.184461429715157
10500000,-38.80708654969931
10512000,-51.30257650092244
10524000,-211.03423184156418
10536000,4.972456704825163
10548000,-63.82737697660923
10560000,-41.11716827750206
10572000,-267.63697580993176
10584000,-72.47357498854399
10596000,-19.156976021826267
10608000,-101.50015516579151
10620000,-134.54815215617418
10632000,-121.6483612805605
10644000,-225.2512440159917
10656000,-572.419140547514
10668000,-70.77110467106104
10680000,-794.8180295825005
10692000,-86.38379832357168
10704000,-50.55589569360018
10716000,-494.18042623996735
10728000,-241.53793344646692
10740000,-633.0219617486
10752000,-54.1024264395237
10764000,-9.659978926181793
10776000,-125.11133072525263
10788000,-73.2970414571464
10800000,-193.27558472007513
10812000,-65.67752746492624
10824000,-68.93587055057287
10836000,-138.08947687596083
10848000,8.761485800147057
10860000,-414.2000453174114
10872000,-270.57652650773525
10884000,-454.36011151224375
10896000,-21.351854227483273
10908000,-367.4251486957073
10920000,-471.8362888842821
10932000,-79.26904402673244
10944000,-247.5769750997424
10956000,-116.12381921708584
10968000,-80.92959213256836
10980000,-252.2812655121088
10992000,3.1904100365936756
11004000,-210.631342895329
11016000,-93.65302407741547
11028000,-124.07329538464546
11040000,-309.40214063972235
11052000,-340.43923979997635
11064000,-345.35118639469147
11076000,-63.35006671398878
11088000,-478.8796452432871
11100000,-126.15500119328499
11112000,-218.3000211045146
11124000,-224.113640666008
11136000,-44.972782261669636
11148000,-381.71467289328575
11160000,-342.44537185132504
11172000,-330.2381891310215
11184000,-193.26371276378632
11196000,-285.93845684081316
11208000,-210.56077510863543
11220000,-81.90126090496778
11232000,-191.7667060121894
11244000,-14.853316411376
11256000,-64.17171386629343
11268000,-16.827775914222002
11280000,-242.30433800071478
11292000,-475.27872705459595
11304000,-60.10675518959761
11316000,-24.633558489382267
11328000,-117.3312224149704
11340000,-275.5221419930458
11352000,-132.21033526211977
11364000,-336.8321200758219
11376000,-137.04601950198412
11388000,-297.96209225058556
11400000,-172.54570684581995
11412000,-313.63534182310104
11424000,-142.11049222946167
11436000,-123.88783332705498
11448000,-180.28110916912556
11460000,-9.133103035390377
11472000,-10.421366941183805
11484000,-240.21845619380474
11496000,-29.07080587744713
11508000,-32.28870601579547
11520000,-26.475085131824017
11532000,-106.46878890693188
11544000,-464.62714129686356
11556000,-394.48610135912895
11568000,-172.64618822187185
11580000,-73.03407786786556
11592000,-16.220796808600426
11604000,-110.02607341110706
11616000,-137.55047680437565
11628000,-47.670633763074875
11640000,-345.86886401474476
11652000,-23.437147099524736
11664000,-423.0388666689396
11676000,-91.6413385272026
11688000,-162.16497092694044
11700000,-254.5216616615653
11712000,-33.22397669032216
11724000,-12.125176593661308
11736000,-440.4777950644493
11748000,-583.8991572260857
11760000,-270.8925780504942
11772000,-136.0095612704754
11784000,-103.6032968685031
11796000,-141.22974407672882
11808000,-40.28046093508601
11820000,-212.29647143930197
11832000,-61.764345575124025
11844000,-115.81839092075825
11856000,-286.61695969104767
11868000,-349.6854853928089
11880000,-24.683334916830063
11892000,-390.80346328020096
11904000,-504.8032573759556
11916000,-127.42792759090662
11928000,-206.1282704770565
11940000,-175.79906816780567
11952000,-12.370736092329025
11964000,-207.23883152753115
11976000,-342.33995212614536
11988000,-75.65576232969761
12000000,-78.10380052030087
12012000,-158.16077296435833
12024000,-208.28531694412231
12036000,-255.82400432229042
12048000,30.36629170132801
12060000,-73.047975204885
12072000,-66.05816152691841
12084000,-173.39678820967674
12096000,-198.6955280303955
12108000,-60.45313224568963
12120000,-69.71817070245743
12132000,-119.32850514352322
12144000,-612.1422329545021
12156000,-22.56302511319518
12168000,-132.58980714529753
12180000,-104.0735886208713
12192000,-416.5423155874014
12204000,9.76463920250535
12216000,-226.359476685524
12228000,-603.760428249836
12240000,-513.8520339131355
12252000,-45.60912864282727
12264000,-351.3946097269654
12276000,-293.63147163391113
12288000,11.602764269337058
12300000,-205.91984216868877
12312000,-182.68965351581573
12324000,-81.87190222740173
12336000,-83.10301353037357
12348000,-572.7368315160275
12360000,-15.678525142371655
12372000,-25.298517238348722
12384000,-13.788516234606504
12396000,-470.65326961129904
12408000,-216.43071377277374
12420000,-22.287552915513515
12432000,-184.5948586165905
12444000,-182.97725209593773
12456000,-199.92025515437126
12468000,-160.39019943773746
12480000,-20.188760302960873
12492000,-125.1828643977642
12504000,-179.2130929455161
12516000,-69.33161433041096
12528000,-219.53889370709658
12540000,-207.30163052678108
12552000,-180.6332793533802
12564000,-115.40826176851988
12576000,-274.7044213116169
12588000,-157.4191976711154
12600000,-709.9713057875633
12612000,-66.85660676658154
12624000,-654.7677583694458
12636000,-227.23207077383995
12648000,-108.02371457964182
12660000,-187.89923967421055
12672000,-201.63189110159874
12684000,-331.27496998012066
12696000,-131.5057685635984
12708000,-306.81476935744286
12720000,-310.99497279524803
12732000,-121.36541713029146
12744000,-160.56834480166435
12756000,-368.1993601322174
12768000,-41.700287252664566
12780000,-231.19983902573586
12792000,-205.94365265965462
12804000,-151.34164757281542
12816000,-17.336024444550276
12828000,-244.61879670619965
12840000,-112.09568311274052
12852000,-141.9937443137169
12864000,-426.9727658033371
12876000,-176.3702343478799
12888000,-271.19151328131557
12900000,-303.5928291082382
12912000,10.113377898931503
12924000,-65.06563851237297
12936000,-69.51915065199137
12948000,-45.855097245424986
12960000,-395.1720021367073
12972000,-73.28043288737535
12984000,-57.92004457861185
12996000,-63.02354694902897
13008000,-96.35285450518131
13020000,-61.25393518060446
13032000,-33.49020479992032
13044000,-0.3212200254201889
13056000,-219.61495276540518
13068000,7.633711766451597
13080000,-7.951035272330046
13092000,-217.67373098433018
13104000,-470.2541184425354
13116000,-10.69227546080947
13128000,-122.08037542551756
13140000,-313.21982795000076
13152000,-36.668711230158806
13164000,-17.62933561950922
13176000,-549.7964268624783
13188000,-53.259419806301594
13200000,-628.5489891767502
13212000,0.37905797362327576
13224000,-96.41543013602495
13236000,-539.8371939659119
13248000,-68.62425199896097
13260000,-69.7411276102066
13272000,-56.76884622126818
13284000,-158.66970812529325
13296000,-36.20295311510563
13308000,-64.99911289662123
13320000,-140.37920450419188
13332000,-15.30520761758089
13344000,-101.45964191854
13356000,-199.47924890741706
13368000,-188.37931703031063
13380000,-14.038142323493958
13392000,-27.58142375200987
13404000,-58.26767808198929
13416000,-402.20062732696533
13428000,-37.655506175011396
13440000,-318.8459114432335
13452000,-219.15839532017708
13464000,-126.30669126659632
13476000,-579.4090253710747
13488000,-29.25342572107911
13500000,-280.1652258783579
13512000,-123.87644039094448
13524000,-193.54177044332027
13536000,-215.53925840556622
13548000,-89.28763675689697
13560000,-321.873838275671
13572000,-507.76855908334255
13584000,-140.30546316504478
13596000,-17.02422407269478
13608000,-138.45495515316725
13620000,-69.03307437896729
13632000,-488.5386037752032
13644000,-128.02173835784197
13656000,-24.275074884295464
13668000,-24.797688830643892
13680000,-33.45240157470107
13692000,-239.8890544399619
13704000,-579.116427063942
13716000,-213.5335814356804
13728000,-5.339455269277096
13740000,-263.4951097667217
13752000,-356.5041574463248
13764000,-104.82943297177553
13776000,-297.6885785087943
13788000,-196.7434416115284
13800000,-363.9145735539496
13812000,-194.17471923679113
13824000,11.314631452783942
13836000,-234.6676477715373
13848000,-103.45634929090738
13860000,-69.87657025456429
13872000,-299.68398709595203
13884000,5.92579698190093
13896000,-115.63262962177396
13908000,-83.55202264711261
13920000,-101.77426579594612
13932000,-258.34555434435606
13944000,-157.0456011891365
13956000,-289.4031203240156
13968000,-181.35621624439955
13980000,-35.93152332305908
13992000,-37.73705802112818
14004000,-260.22186850756407
14016000,-88.8434010669589
14028000,-542.0152458250523
14040000,-135.80531039088964
14052000,-170.04353342950344
14064000,-165.45443046092987
14076000,-266.8116717413068
14088000,-308.9608244597912
14100000,-157.6049998179078
14112000,-80.57944678142667
14124000,-82.46441472321749
14136000,-71.81870255619287
14148000,-261.91830610483885
14160000,-9.230488575994968
14172000,-18.850041165947914
14184000,-187.099622964859
14196000,-673.4976253509521
14208000,-73.83689223229885
14220000,-168.0160655155778
14232000,-171.94685953855515
14244000,-6.965334493666887
14256000,-142.269017778337
14268000,-166.00185000896454
14280000,-135.82442381978035
14292000,-167.6599344238639
14304000,-115.60950377583504
14316000,-51.22492504864931
14328000,-827.5484799742699
14340000,-30.831991761922836
14352000,-58.48361339047551
14364000,-57.508938010782
14376000,-134.6184794679284
14388000,-137.53005443513393
14400000,-439.176923379302
14412000,-619.283362776041
14424000,-86.32749842852354
14436000,-327.66992662101984
14448000,-82.99129881709814
14460000,-156.4363860040903
14472000,-260.17273965477943
14484000,-250.78031981736422
14496000,-241.4036886766553
14508000,-558.0342038720846
14520000,-77.28027161955833
14532000,-283.5708926767111
14544000,0.40718647092580795
14556000,-215.02605794370174
14568000,-686.4931843280792
14580000,-340.2554402947426
14592000,-96.00675955414772
14604000,-120.81955069303513
14616000,-238.3213343322277
14628000,-13.042666137218475
14640000,-229.2168973609805
14652000,-344.4393202364445
14664000,-142.55854555219412
14676000,-366.3222881555557
14688000,-608.9207698106766
14700000,-141.77751408144832
14712000,-216.8680191487074
14724000,-158.5897447168827
14736000,-298.2453490719199
14748000,-195.26875022053719
14760000,-216.05527621507645
14772000,-337.6014066040516
14784000,-170.4006142988801
14796000,-157.6008570343256
14808000,-183.46102137863636
14820000,-30.17275434732437
14832000,-617.1237832903862
14844000,-15.348229564726353
14856000,-340.16615538299084
14868000,-62.089370124042034
14880000,-70.39801474660635
14892000,-417.4925234988332
14904000,-195.64066867530346
14916000,-450.94668243825436
14928000,-250.41453364491463
14940000,3.4128974601626396
14952000,-119.09776915609837
14964000,-598.3740692734718
14976000,-417.7448544204235
14988000,-5.96798237785697
15000000,-375.10452967882156
15012000,-244.5331024825573
15024000,28.615625988692045
15036000,-26.037696730345488
15048000,-296.5759481266141
15060000,-59.706998378038406
15072000,-193.8167330622673
15084000,3.8047156296670437
15096000,-398.864098995924
15108000,-56.79050971567631
15120000,-225.9622482508421
15132000,-154.67063166201115
15144000,-374.68080166727304
15156000,-699.0001240968704
15168000,-197.217929802835
15180000,-169.29385090619326
15192000,-150.72889886051416
15204000,-303.968927487731
15216000,-114.39364355057478
15228000,-140.93618246167898
15240000,-77.47282583266497
15252000,-183.12825215235353
15264000,2.91049113124609
15276000,-66.67251688241959
15288000,-609.5906181335449
15300000,-6.8976340387016535
15312000,-176.2349950671196
15324000,-3.410118155181408
15336000,-8.65668348968029
15348000,-197.01074196398258
15360000,-206.62599394470453
15372000,-9.324967689812183
15384000,-189.74667152762413
15396000,-246.10552268102765
15408000,-82.46478446573019
15420000,-147.11890419572592
15432000,-39.21764174848795
15444000,-85.8839356303215
15456000,-195.766741104424
15468000,-57.57824109494686
15480000,-120.3470621779561
15492000,-325.15760503709316
15504000,-207.3365538045764
15516000,-46.80528090149164
15528000,-5.240470811724663
15540000,-195.8460239842534
15552000,-17.37632880359888
15564000,-290.3487874120474
15576000,-421.692780777812
15588000,-173.09869641810656
15600000,-72.66220064461231
15612000,-43.30611988157034
15624000,-62.92209664732218
15636000,-19.266198378056288
15648000,-30.146867752075195
15660000,-44.753878742456436
15672000,-147.74653878808022
15684000,-161.91347352415323
15696000,-54.91783019527793
15708000,-45.84744121879339
15720000,-368.9383764863014
15732000,-253.06708681955934
15744000,-99.51632045209408
15756000,-163.9233362749219
15768000,-481.6630859300494
15780000,-47.73082930594683
15792000,-17.468076780438423
15804000,-238.9341210871935
15816000,-163.36548970639706
15828000,-329.27390007674694
15840000,-456.9299427866936
15852000,-33.61891131103039
15864000,-607.6198008656502
15876000,-234.80133837461472
15888000,-344.13502791523933
15900000,-313.64919397234917
15912000,-182.5617080926895
15924000,-202.1701250076294
15936000,-23.86257902905345
15948000,-1.1928617618978024
15960000,-260.56758588552475
15972000,-56.72475464642048
15984000,-121.19428093731403
15996000,-31.004365637898445
16008000,-103.96906522661448
16020000,-20.802750654518604
16032000,-92.75955272838473
16044000,-247.4088730663061
16056000,-197.98361295461655
16068000,-128.1334121003747
16080000,-65.71937972307205
16092000,-72.1833225786686
16104000,-555.4974857866764
16116000,-618.8928608894348
16128000,-87.18399894982576
16140000,-262.4092847406864
16152000,-193.97479440271854
16164000,-638.2526278495789
16176000,18.122834464535117
16188000,-192.49592345952988
16200000,-130.89310602843761
16212000,-255.17123305797577
16224000,-101.84365136921406
16236000,-124.96861287206411
16248000,-208.34960556030273
16260000,-17.942892637103796
16272000,-348.435474216938
16284000,-33.29600542783737
16296000,-691.0763819217682
16308000,-195.20956372469664
16320000,-153.48717657476664
16332000,-250.19536024332047
16344000,-189.4111821502447
16356000,-191.97548346966505
16368000,-246.31339728832245
16380000,-587.9299564361572
16392000,-12.370325684547424
16404000,-313.78024795651436
16416000,16.2629728987813
16428000,-164.5561216622591
16440000,-230.9811873435974
16452000,-98.39576517045498
16464000,-109.06172252446413
16476000,-326.6678220331669
16488000,-7.816752627491951
16500000,-218.7689124085009
16512000,-66.5554261431098
16524000,-463.39197135716677
16536000,-129.5736908018589
16548000,-291.11986327916384
16560000,-8.309427119791508
16572000,-115.85827119648457
16584000,-224.58338309824467
16596000,-296.01751504838467
16608000,-334.6480940878391
16620000,-182.0310332402587
16632000,-458.4837104678154
16644000,-559.3483996093273
16656000,-84.17439883947372
16668000,-83.12170309573412
16680000,-24.993915922939777
16692000,11.229680988937616
16704000,-45.31325859576464
16716000,-228.86289504170418
16728000,-214.01186724752188
16740000,-170.7590229511261
16752000,-112.8000809699297
16764000,-71.88388034701347
16776000,-681.6677013039589
16788000,-172.48152840137482
16800000,-278.16305961459875
16812000,-29.35615896433592
16824000,-131.08246847242117
16836000,-269.73756197839975
16848000,-333.8316413462162
16860000,-40.00707729160786
16872000,-167.47135092318058
16884000,-130.6139845624566
16896000,-320.82203963398933
16908000,-613.9056025147438
16920000,-275.9924264848232
16932000,-47.07050731033087
16944000,-25.225420482456684
16956000,-70.63234782963991
16968000,-107.76803306490183
16980000,-486.0292634963989
16992000,-21.647472735494375
17004000,-313.0419707968831
17016000,-645.9539610147476
17028000,-318.1278015226126
17040000,-244.52211906015873
17052000,-107.23797737807035
17064000,-150.44691802561283
17076000,-31.370601462200284
17088000,-178.65575928241014
17100000,-87.68552302569151
17112000,-16.94006983563304
17124000,-74.5229434221983
17136000,-90.05066001787782
17148000,-220.43049973994493
17160000,-84.63638446480036
17172000,-250.6650264710188
17184000,-586.631957679987
17196000,-63.97554664313793
17208000,-58.35654980689287
17220000,-34.51584979146719
17232000,-22.395669996738434
17244000,-81.079959243536
17256000,-358.6244342625141
17268000,-52.188487853854895
17280000,-37.59367727488279
17292000,5.905607432126999
17304000,-545.7868812084198
17316000,-1.6991711184382439
17328000,-212.5723022222519
17340000,-144.56485778093338
17352000,-592.1820856928825
17364000,-16.719264306128025
17376000,-70.70808573812246
17388000,-15.131644628942013
17400000,-155.6477703973651
17412000,-167.05151607096195
17424000,-209.390578687191
17436000,-663.7650430798531
17448000,-36.71348860859871
17460000,-137.17345751076937
17472000,-404.4562628492713
17484000,-188.43937274813652
17496000,-172.48321215808392
17508000,-490.15866546332836
17520000,-78.91418745741248
17532000,-1.471794568002224
17544000,-200.64446495473385
17556000,-175.41118907928467
17568000,-64.48260916769505
17580000,-72.90532815083861
17592000,-376.2852309048176
17604000,-47.255398742854595
17616000,-48.70011316239834
17628000,-13.937500067055225
17640000,-154.07608494907618
17652000,-128.57671355828643
17664000,-23.79008888453245
17676000,-375.90851867198944
17688000,-201.83546501398087
17700000,-30.821323793381453
17712000,-62.57360981032252
17724000,-19.66866474598646
17736000,-116.39515747129917
17748000,-13.279185416176915
17760000,-328.8249691352248
17772000,-0.45019931346178055
17784000,-46.05139574036002
17796000,-15.58721749484539
17808000,-289.7108775153756
17820000,-13.250578701496124
17832000,-79.3444597683847
17844000,-146.28791363537312
17856000,-143.15230754762888
17868000,-517.3729866743088
17880000,-270.0024394541979
17892000,-180.58895574510098
17904000,-88.62614621967077
17916000,4.6433999221771955
17928000,-344.6269230246544
17940000,-273.83990454673767
17952000,-257.3849107027054
17964000,-431.6154407262802
17976000,-78.84963005781174
17988000,-622.1595158576965
18000000,-218.36676931008697
18012000,14.569726146757603
18024000,-101.25928319990635
18036000,-163.0231020450592
18048000,-280.84820131585
18060000,-158.53759150207043
18072000,-291.8886748999357
18084000,-37.10781738162041
18096000,-11.68533943966031
18108000,-2.023306593298912
18120000,-130.3220935240388
18132000,-160.86675231158733
18144000,-23.15297034755349
18156000,-1070.3667639493942
18168000,-223.45654103159904
18180000,-19.304138623178005
18192000,-242.9385024085641
18204000,-41.06675028055906
18216000,-146.18526209518313
18228000,-86.31980141997337
18240000,-91.07302479445934
18252000,-152.85627565532923
18264000,-313.0626207739115
18276000,-84.3249964416027
18288000,-235.22675839066505
18300000,-170.92577450722456
18312000,-63.920590572059155
18324000,-567.9625974595547
18336000,-283.67640697211027
18348000,-280.6405371427536
18360000,-398.5085599720478
18372000,-112.04014883935452
18384000,-14.525471538305283
18396000,-162.68030233308673
18408000,-255.61577033624053
18420000,-40.90526784956455
18432000,-54.49728827178478
18444000,-86.49044477939606
18456000,-103.70747181773186
18468000,1.4879612289369106
18480000,-125.07434953004122
18492000,-122.67456871271133
18504000,-158.09522672742605
18516000,-110.6906865760684
18528000,-42.74866823479533
18540000,-134.7912102341652
18552000,-129.3703865222633
18564000,-1125.794540643692
18576000,-91.00488935783505
18588000,-187.55359709635377
18600000,-132.84586710110307
18612000,-100.59849844872952
18624000,-146.25634812563658
18636000,-214.03324154764414
18648000,-7.127049088478088
18660000,-172.61641046404839
18672000,-71.38461708277464
18684000,-31.134425159543753
18696000,-129.97920102626085
18708000,-203.1228091418743
18720000,-157.83531953394413
18732000,-148.57352337241173
18744000,-16.78659127652645
18756000,-42.024256367236376
18768000,-159.13610571622849
18780000,-655.8656899929047
18792000,-68.15631184354424
18804000,-134.6361202597618
18816000,-80.90205110609531
18828000,-112.01929643005133
18840000,-262.4039898850024
18852000,-50.7054178416729
18864000,-441.24273581802845
18876000,-78.77730491012335
18888000,-346.5531369969249
18900000,-97.43597980588675
18912000,-45.01438935101032
18924000,-20.105512645095587
18936000,-3.329949729144573
18948000,-51.56796280667186
18960000,-656.5486509203911
18972000,-195.74508251994848
18984000,-209.98064303025603
18996000,-118.15808280557394
19008000,-457.4420423656702
19020000,-700.3564034700394
19032000,-75.32369137555361
19044000,7.761443059891462
19056000,-145.43868870288134
19068000,-86.38441675156355
19080000,-190.6546667739749
19092000,-167.44319132715464
19104000,-1.8532414305955172
19116000,-277.33621468394995
19128000,-412.28266544640064
19140000,-170.22274063527584
19152000,-118.94856365025043
19164000,-23.613425746560097
19176000,-590.9100882411003
19188000,-158.0181606411934
19200000,-307.6715413182974
19212000,-195.2341392636299
19224000,-46.74997387826443
19236000,-31.733646400272846
19248000,-24.41842525266111
19260000,-255.84751940518618
19272000,-70.38338786363602
19284000,5.802589867264032
19296000,-281.84860314428806
19308000,-225.03333386033773
19320000,-14.84489531815052
19332000,-92.48464616388083
19344000,-67.41835730522871
19356000,-169.2840328514576
19368000,-32.30307638645172
19380000,-232.4816397316754
19392000,-163.1863231509924
19404000,-397.1375041231513
19416000,-187.0336736664176
19428000,-95.60470186173916
19440000,-30.943452179431915
19452000,-72.8883884549141
19464000,-119.84365548193455
19476000,-75.95116773992777
19488000,-56.93868891894817
19500000,-584.6890378594398
19512000,-15.42185703292489
19524000,-231.79622044414282
19536000,-41.42406088113785
19548000,-39.65268059074879
19560000,-6.722365237772465
19572000,-279.5614342689514
19584000,-365.29380652308464
19596000,-327.6902265846729
19608000,-28.6582071185112
19620000,-20.60761366970837
19632000,-62.08641644194722
19644000,-598.7513756752014
19656000,-41.89293871074915
19668000,1.988390438258648
19680000,-719.4335520863533
19692000,-666.2827853560448
19704000,-49.89943604916334
19716000,-10.705327980220318
19728000,-158.15798341855407
19740000,-100.64489418268204
19752000,-225.26233258098364
19764000,-2.3061151392757893
19776000,-315.0496354699135
19788000,-8.087954685091972
19800000,-277.7861893028021
19812000,2.2045689336955547
19824000,-65.51380933076143
19836000,-555.2438028603792
19848000,-219.97890327125788
19860000,-28.23068168759346
19872000,-245.45718879252672
19884000,-260.09549237787724
19896000,-126.1079011708498
19908000,-353.5202881395817
19920000,-128.69029776006937
19932000,-223.5791272893548
19944000,8.845404006540775
19956000,-80.81722813472152
19968000,-49.178861901164055
19980000,-35.51663011312485
19992000,-19.101293813437223
20004000,-7.154946595430374
20016000,-0.8587404042482376
20028000,-114.48831298202276
20040000,-60.70363727211952
20052000,0.614183098077774
20064000,-202.31851049140096
20076000,-64.37396800518036
20088000,-205.1181564629078
20100000,-31.03822512924671
20112000,-39.616384357213974
20124000,12.94148141425103
20136000,-12.973091403022408
20148000,-191.83276976644993
20160000,-152.73721884191036
20172000,-297.4848311766982
20184000,-86.55707336962223
20196000,-226.22874664515257
20208000,-63.304530184715986
20220000,-486.0142594575882
20232000,-761.8202873468399
20244000,-42.79797511175275
20256000,-665.8269785046577
20268000,0.7741852067410946
20280000,-248.80435328185558
20292000,-199.0933334082365
20304000,-665.0003444552422
20316000,-93.38136402517557
20328000,-238.51492305472493
20340000,-35.77162755653262
20352000,-175.45006109029055
20364000,16.6485523362644
20376000,-131.08997894078493
20388000,-505.6789193749428
20400000,-91.10363614186645
20412000,7.168525293469429
20424000,-130.35352800786495
20436000,-155.14617158472538
20448000,-53.02282467111945
20460000,-4.192596148699522
20472000,-32.548784136772156
20484000,-125.31105829775333
20496000,-23.275072410702705
20508000,-399.0586256980896
20520000,-51.58514939248562
20532000,-442.48824670910835
20544000,-178.6902036294341
20556000,-86.25009514391422
20568000,-253.3732657879591
20580000,-295.86685813963413
20592000,-197.15762051939964
20604000,-63.33702880144119
20616000,-93.86926986277103
20628000,-51.482465386390686
20640000,-81.78287605196238
20652000,-154.48336235433817
20664000,-21.81406230852008
20676000,-63.58612132817507
20688000,-148.63102957606316
20700000,-64.66919215023518
20712000,-6.11520379781723
20724000,-33.584456238895655
20736000,-90.41134594753385
20748000,-68.21797437220812
20760000,-145.3407533019781
20772000,-159.49511302262545
20784000,-103.0139916613698
20796000,-431.44315418601036
20808000,-39.7758252248168
20820000,-123.16830583661795
20832000,-139.74170039966702
20844000,-108.51490944251418
20856000,2.823245994746685
20868000,-294.8203969299793
20880000,-478.9619692489505
20892000,-339.3183934316039
20904000,-162.65443908423185
20916000,-269.90240919589996
20928000,-186.170464720577
20940000,-8.655813172459602
20952000,-85.29710107669234
20964000,-171.66342847421765
20976000,-240.8670476078987
20988000,-128.09324525669217
21000000,-26.729487311095
21012000,-3.2113711424171925
21024000,-117.51051282137632
21036000,-601.5300988554955
21048000,-322.78183203935623
21060000,-147.4988669976592
21072000,-294.4453464150429
21084000,-16.970484003424644
21096000,-149.9128591492772
21108000,-156.8132622614503
21120000,-542.2066506147385
21132000,-218.62131163477898
21144000,-1.9731594994664192
21156000,-32.95836831629276
21168000,-132.47579324245453
21180000,-238.93086893856525
21192000,-158.93688213825226
21204000,-512.3222318887711
21216000,-201.01457373052835
21228000,-19.628583297133446
21240000,-105.05315648019314
21252000,-237.89966349303722
21264000,-237.85514102503657
21276000,-73.02938310801983
21288000,-248.36915990710258
21300000,-192.13810841739178
21312000,7.293753739446402
21324000,-202.83301356434822
21336000,-107.65127895027399
21348000,-6.4208922646939754
21360000,-296.89240151643753
21372000,-129.03088584542274
21384000,-620.819359600544
21396000,-83.41352028027177
21408000,-195.37631069123745
21420000,-253.75599651038647
21432000,-188.58850647509098
21444000,-75.28948187083006
21456000,-392.46463388204575
21468000,-19.102752022445202
21480000,-110.42235267162323
21492000,-21.536180172115564
21504000,-103.33727084100246
21516000,-61.604530707001686
21528000,-322.2269312739372
21540000,-20.578965209424496
21552000,-76.83921155333519
21564000,-222.52486620098352
21576000,5.847041339613497
21588000,-123.6709755808115
21600000,-67.82013192027807
21612000,-71.67851248383522
21624000,-279.88300210237503
21636000,-59.613518096506596
21648000,-620.715424478054
21660000,-454.1948866248131
21672000,-116.50688993930817
21684000,-186.08255089074373
21696000,-300.57567470520735
21708000,-80.1991784721613
21720000,-161.1911244429648
21732000,-33.76375953108072
21744000,-76.66158312931657
21756000,-45.033785827457905
21768000,-96.95706278085709
21780000,-103.27458314597607
21792000,-163.65384654700756
21804000,-84.31359986960888
21816000,-83.07389453053474
21828000,-83.76047061756253
21840000,-18.401227839291096
21852000,-90.34514147043228
21864000,-75.7698339484632
21876000,-173.82100111618638
21888000,-77.4732722863555
21900000,-203.92307625710964
21912000,-37.138493340462446
21924000,-62.556474559009075
21936000,-30.357090413570404
21948000,-3.227202147245407
21960000,-167.2449785247445
21972000,-210.49030815809965
21984000,-74.81729697436094
21996000,-508.76294216513634
22008000,-333.1628392636776
22020000,-63.34329280257225
22032000,-335.75310361012816
22044000,-151.52047756314278
22056000,-459.73375326395035
22068000,-240.0296131670475
22080000,-70.23096550256014
22092000,-191.08000494539738
22104000,-172.74029300361872
22116000,-116.75452348589897
22128000,-156.19334910809994
22140000,-485.7911773920059
22152000,-270.9548217058182
22164000,-35.4477756395936
22176000,-82.83895818144083
22188000,-41.421804539859295
22200000,-64.7062708362937
22212000,-294.5685191825032
22224000,-418.77558813244104
22236000,-131.94856484234333
22248000,-578.6167551279068
22260000,-278.4111025929451
22272000,-30.343111589550972
22284000,-282.96034801006317
22296000,-199.8855275809765
22308000,-53.72625117003918
22320000,-184.59116758406162
22332000,-188.8345018401742
22344000,-189.12684090435505
22356000,-68.02196004986763
22368000,-61.19612677022815
22380000,-32.29547817260027
22392000,-35.743484266102314
22404000,-17.496731627732515
22416000,-14.938181970268488
22428000,-12.257339097559452
22440000,-32.21551797538996
22452000,-86.20763825625181
22464000,-731.4069935083389
22476000,0.013418260961771011
22488000,-208.35528426617384
22500000,-49.320810571312904
22512000,-0.11565623432397842
22524000,-216.5764455795288
22536000,-334.8452894426882
22548000,-3.3387961611151695
22560000,-635.6988814473152
22572000,-295.78011122345924
22584000,-297.6783664934337
22596000,-62.59496919065714
22608000,-189.58850586414337
22620000,-55.51017177850008
22632000,-34.443336226046085
22644000,-17.992193423211575
22656000,-217.45976814627647
22668000,-174.33538921922445
22680000,-251.72283892333508
22692000,-153.51960109174252
22704000,-97.64920607581735
22716000,8.542811743915081
22728000,-117.94167823344469
22740000,-205.44480658322573
22752000,-132.56330540776253
22764000,-230.2386989146471
22776000,-483.0658390522003
22788000,-55.70959974825382
22800000,-61.42995648831129
22812000,-4.1757083386182785
22824000,-121.78844955563545
22836000,-552.3415084481239
22848000,-51.38098458200693
22860000,-214.7216379866004
22872000,-199.34949056059122
22884000,-34.305897422134876
22896000,-124.55518867075443
22908000,-349.16653974354267
22920000,-458.0778434127569
22932000,-12.082794591784477
22944000,-212.9844150543213
22956000,-4.9804189801216125
22968000,-84.75461830198765
22980000,-191.7677572965622
22992000,-851.4918367266655
23004000,-172.3788934648037
23016000,-322.7371698692441
23028000,-67.8132427111268
23040000,-546.2238980233669
23052000,-24.21395032852888
23064000,1.1505671739578247
23076000,-191.9374488890171
23088000,-929.4006096124649
23100000,0.4765193350613117
23112000,0.2540685888379812
23124000,-68.65817825868726
23136000,-6.1600205563008785
23148000,-104.76238818466663
23160000,-24.436748629435897
23172000,-269.1504691541195
23184000,-113.71334601938725
23196000,-2.44278597086668
23208000,-111.37509062886238
23220000,-184.18814416229725
23232000,-71.1040664985776
23244000,-70.92838270962238
23256000,-34.618675857782364
23268000,-76.3054940700531
23280000,-59.50625592470169
23292000,-56.619573660194874
23304000,-216.86803152412176
23316000,-179.89168900251389
23328000,3.370555892586708
23340000,21.397484539076686
23352000,-385.53561645001173
23364000,-87.40147127211094
23376000,-181.82102205604315
23388000,-272.4646208509803
23400000,-287.32014885544777
23412000,-23.135322019457817
23424000,-279.1055454015732
23436000,-119.09020557254553
23448000,-336.833621263504
23460000,-238.75546446442604
23472000,-551.1786232590675
23484000,-9.56080374121666
23496000,-129.74319582432508
23508000,-0.6716128326952457
23520000,-76.77928647771478
23532000,-12.242174655199051
23544000,-10.253585707396269
23556000,-17.83511522784829
23568000,-237.42047157883644
23580000,-85.46742507815361
23592000,-32.43369145318866
23604000,-65.8069546893239
23616000,-377.3261496424675
23628000,-98.71220701932907
23640000,-112.60543205589056
23652000,-142.49344611540437
23664000,-110.2510264441371
23676000,-282.1169383227825
23688000,-180.4994621425867
23700000,-294.88949024677277
23712000,-1.1078532561659813
23724000,-270.5378715619445
23736000,-292.4421167448163
23748000,-15.192644700407982
23760000,-427.5121529698372
23772000,-49.354442320764065
23784000,-162.6350543871522
23796000,-560.3739840686321
23808000,-72.53318828344345
23820000,-392.506226323545
23832000,-57.340759731829166
23844000,-64.99343805760145
23856000,-207.45285569131374
23868000,-396.0654733777046
23880000,-6.251109708100557
23892000,-49.96558806300163
23904000,-505.42156141996384
23916000,-49.91810356080532
23928000,-24.788573242723942
23940000,-57.53845374286175
23952000,-268.1054407209158
23964000,-571.3362280130386
23976000,-288.16336247324944
23988000,-456.50998800992966
24000000,-95.78131082654
24012000,-146.7594196125865
24024000,-194.86634363234043
24036000,-142.85773288458586
24048000,9.862305498681962
24060000,-259.59554083645344
24072000,-201.08271803706884
24084000,-68.3151793628931
24096000,-23.402389153838158
24108000,-3.98464847356081
24120000,2.4917590841650963
24132000,-24.75169448554516
24144000,-28.01381216198206
24156000,-445.7390199005604
24168000,-1162.868232011795
24180000,6.638192638754845
24192000,-312.6566923111677
24204000,-339.2918930351734
24216000,-416.7704861164093
24228000,-40.43613126128912
24240000,6.8145490433089435
24252000,-175.8454408608377
24264000,-30.234202533960342
24276000,-291.3851630464196
24288000,-181.21925954148173
24300000,-401.8269718065858
24312000,-3.860399968922138
24324000,-244.32029327750206
24336000,-68.71263305097818
24348000,-225.47101662307978
24360000,-327.6886521577835
24372000,-257.3161090016365
24384000,-119.56445321068168
24396000,-101.25787270069122
24408000,-27.68582385778427
24420000,-12.568366589024663
24432000,-2.0399366095662117
24444000,13.458505641669035
24456000,-558.2667828798294
24468000,-307.2587589919567
24480000,-218.41677731275558
24492000,-5.977988041937351
24504000,-265.282823830843
24516000,-35.038235001266
24528000,-311.52653539180756
24540000,-107.24889263510704
24552000,-43.34220456331968
24564000,-323.4378726929426
24576000,-63.3266137316823
24588000,-85.64930357038975
24600000,-92.82515345141292
24612000,-375.4930389225483
24624000,-2.0845541916787624
24636000,-7.720657404512167
24648000,-180.63740157335997
24660000,-351.3759303987026
24672000,-0.043899279087781906
24684000,-43.66498463228345
24696000,-326.6191534139216
24708000,-83.30604358762503
24720000,-30.55521220713854
24732000,-35.95619207620621
24744000,-103.17280811071396
24756000,-369.46100357174873
24768000,-47.098147585988045
24780000,-601.8668268918991
24792000,-25.228004455566406
24804000,-75.6245428994298
24816000,1.2342745922505856
24828000,-26.560355115681887
24840000,-19.48223340511322
24852000,-408.21191918849945
24864000,-466.0180277824402
24876000,-43.320931412279606
24888000,-138.62632052600384
24900000,-47.170478627085686
24912000,-81.23969190940261
24924000,-316.6830760203302
24936000,-113.77391324192286
24948000,-121.61913897097111
24960000,-43.23785441368818
24972000,-323.11364309489727
24984000,0.31197354942560196
24996000,-113.40446151793003
25008000,-268.55401389300823
25020000,14.903284647502005
25032000,-46.76082369312644
25044000,-50.801345720887184
25056000,-322.165279597044
25068000,-58.63292692601681
25080000,-6.2815323658287525
25092000,-2.1538929641246796
25104000,-555.7147717773914
25116000,-25.76038261130452
25128000,-86.01738978177309
25140000,-161.84968353062868
25152000,-195.77061320841312
25164000,-11.460739735513926
25176000,2.5056663984432817
25188000,-44.68354381620884
25200000,6.860557030886412
25212000,-173.5085836686194
25224000,-529.1069207787514
25236000,4.808882981538773
25248000,-154.91714404523373
25260000,-23.237357951700687
25272000,6.510962553322315
25284000,-204.18103900551796
25296000,-164.72893447428942
25308000,-105.77776856720448
25320000,4.690768003463745
25332000,-190.23237647116184
25344000,-1.3118122927844524
25356000,-672.941102206707
25368000,-524.7837184667587
25380000,-299.49495578557253
25392000,-25.10255605727434
25404000,-19.632089786231518
25416000,-619.7631022930145
25428000,-609.4579703211784
25440000,-328.34181022644043
25452000,-77.79386520385742
25464000,-35.031803864985704
25476000,-70.98515374958515
25488000,-8.933436781167984
25500000,-95.1749311760068
25512000,14.395539717748761
25524000,-239.71845942735672
25536000,-2.4642631113529205
25548000,-596.6301102638245
25560000,-6.814220547676086
25572000,-68.75680061429739
25584000,-291.1830743998289
25596000,-117.80394095182419
25608000,-116.32082115486264
25620000,-5.228657698258758
25632000,-12.296149119734764
25644000,-114.1885634586215
25656000,-343.1977800503373
25668000,-160.63805466145277
25680000,-47.03509998694062
25692000,-860.2789355516434
25704000,-101.609489351511
25716000,-576.7540733218193
25728000,-592.9680208563805
25740000,-116.37624963745475
25752000,-163.658216021955
25764000,-220.72582322359085
25776000,-192.87081319093704
25788000,2.3853860050439835
25800000,-94.25018434226513
25812000,-575.2799439132214
25824000,-227.3036725744605
25836000,-102.25152999907732
25848000,-240.02347874641418
25860000,-171.46456365287304
25872000,-64.58412796258926
25884000,-44.18011527508497
25896000,-303.20596757531166
25908000,-326.5135773420334
25920000,-140.6025553867221
25932000,-504.79261246323586
25944000,-49.06541509181261
25956000,-272.4742519147694
25968000,-102.8193478807807
25980000,-416.68971586227417
25992000,-17.125584721565247
26004000,-199.02365601062775
26016000,-286.989116743207
26028000,-101.8756657615304
26040000,-169.020227573812
26052000,-188.61010371148586
26064000,-310.5501194447279
26076000,-186.14631992578506
26088000,-67.10156586021185
26100000,-195.5922380015254
26112000,-2.639520362019539
26124000,-141.4168923124671
26136000,-126.19557008892298
26148000,-66.13407817482948
26160000,-130.76205153763294
26172000,-177.79221512377262
26184000,-31.821353368461132
26196000,-167.59915076941252
26208000,-12.307746805250645
26220000,3.2935780324041843
26232000,-122.8506166189909
26244000,-489.1441328525543
26256000,-47.13238459080458
26268000,-66.2801456451416
26280000,-210.99371431022882
26292000,-255.59199564158916
26304000,-379.6721757873893
26316000,-61.4942517131567
26328000,-108.206005461514
26340000,-232.46796298027039
26352000,-547.5795227587223
26364000,-79.76983792334795
26376000,-307.13073390722275
26388000,-71.70913737639785
26400000,-129.06877190619707
26412000,-298.4590013101697
26424000,-74.95747438073158
26436000,-80.98630654066801
26448000,-459.7734863758087
26460000,-576.289611518383
26472000,-139.43143414705992
26484000,-69.01043570786715
26496000,-176.14967205375433
26508000,-456.15424305200577
26520000,26.696716589853168
26532000,-207.44564552605152
26544000,-74.0247592702508
26556000,-305.30134589225054
26568000,-282.2791996449232
26580000,-89.3841080069542
26592000,-205.8591484799981
26604000,-35.220554418861866
26616000,-88.92904905974865
26628000,-671.2289870977402
26640000,-381.42585638165474
26652000,-68.25111577659845
26664000,-298.49337090551853
26676000,-33.449222423136234
26688000,-290.0283516868949
26700000,-131.84801369905472
26712000,-14.56437424942851
26724000,-165.7710834518075
26736000,-176.65755366906524
26748000,-492.6714062690735
26760000,-198.47132594138384
26772000,-74.97007542848587
26784000,-3.52735747769475
26796000,-187.79912568628788
26808000,-43.593605514615774
26820000,-156.0808289423585
26832000,0.15741148591041565
26844000,-382.8328660428524
26856000,-59.254088029265404
26868000,-504.51015892624855
26880000,-562.5331867337227
26892000,17.599164187908173
26904000,-627.9131602048874
26916000,-71.07540053129196
26928000,-272.9511025324464
26940000,-44.289860256016254
26952000,-184.60525911301374
26964000,-524.0999651253223
26976000,23.58958763629198
26988000,-364.5513742864132
27000000,-62.047026976943016
27012000,-45.35893925279379
27024000,-392.13754466176033
27036000,-8.003816775977612
27048000,-264.75783183425665
27060000,-73.43208386749029
27072000,-168.32140686362982
27084000,8.245195969939232
27096000,-0.4994257017970085
27108000,-20.781575065106153
27120000,-21.503729877993464
27132000,-18.699430156499147
27144000,-18.237558644264936
27156000,-270.49917235970497
27168000,-44.75009094923735
27180000,-569.9970345795155
27192000,-92.7462991848588
27204000,-22.143600296229124
27216000,-109.6767900288105
27228000,-143.1282349154353
27240000,-10.08862703666091
27252000,-69.71542520076036
27264000,-40.92863819003105
27276000,-91.12309248000383
27288000,-220.6900809854269
27300000,-126.22106116265059
27312000,-116.5651683807373
27324000,-243.54256117343903
27336000,-275.05488382279873
27348000,-868.1981499195099
27360000,-285.30769708007574
27372000,-120.93719823658466
27384000,-42.805072486400604
27396000,-302.792637437582
27408000,-66.47893170267344
27420000,-40.96108494699001
27432000,-185.29607961699367
27444000,-280.10707565024495
27456000,-280.70394468307495
27468000,-261.9484335631132
27480000,-19.240468502044678
27492000,3.59806165099144
27504000,-192.9129547998309
27516000,-34.80604409426451
27528000,-137.66884814575315
27540000,-239.75586077570915
27552000,-43.2132096812129
27564000,-24.824552908539772
27576000,-173.7473397925496
27588000,-85.0580137744546
27600000,-168.70126551389694
27612000,-142.32555454969406
27624000,-60.74832884222269
27636000,-44.23890124261379
27648000,2.2720863074064255
27660000,-262.388823248446
27672000,-183.71382065862417
27684000,-28.71694925427437
27696000,-47.567560873925686
27708000,-1.3350243866443634
27720000,-169.60292476043105
27732000,-8.25554520264268
27744000,-49.41059846431017
27756000,-285.0706966519356
27768000,-20.335615444928408
27780000,-9.327240467071533
27792000,-298.57781687378883
27804000,-230.55576727166772
27816000,-56.32031739130616
27828000,-501.8207195997238
27840000,-306.93085537850857
27852000,-194.7761888280511
27864000,-13.886202275753021
27876000,-453.5023631453514
27888000,-256.6463034749031
27900000,4.203879173845053
27912000,-5.214975267648697
27924000,-84.90179904922843
27936000,-49.00377010926604
27948000,-106.05498705804348
27960000,-69.51736945658922
27972000,-133.62024702876806
27984000,-486.9648096561432
27996000,-215.63278567045927
28008000,-84.33115109056234
28020000,-178.1870218217373
28032000,-614.2887378334999
28044000,-170.26707288622856
28056000,-165.90849943831563
28068000,-208.69044997170568
28080000,-86.26343346387148
28092000,-87.32471711188555
28104000,-102.47961892187595
28116000,-693.9017007350922
28128000,-76.83337106183171
28140000,-62.21866673976183
28152000,-115.64899941906333
28164000,-168.88307600468397
28176000,-42.998421393334866
28188000,-344.51801040768623
28200000,-72.14539072662592
28212000,-37.49497364461422
28224000,-53.888596173375845
28236000,-24.303412921726704
28248000,-143.68670939654112
28260000,-162.87791883200407
28272000,-5.167818874120712
28284000,-287.83769477158785
28296000,-237.67334027588367
28308000,-175.42443358898163
28320000,-1462.3185427188873
28332000,-466.23372304439545
28344000,-219.18614326789975
28356000,-76.64995716884732
28368000,-187.4936332181096
28380000,-45.501742377877235
28392000,-22.742974441498518
28404000,-21.88459948450327
28416000,-158.49562441557646
28428000,-99.2658230215311
28440000,-341.70374108850956
28452000,-552.7031961977482
28464000,-1202.439641714096
28476000,-13.19467243924737
28488000,-495.68572586774826
28500000,-81.8530701175332
28512000,-81.32194510102272
28524000,-58.8308162689209
28536000,-3.2159176394343376
28548000,-233.8801916986704
28560000,-72.41436399891973
28572000,-104.95932110399008
28584000,2.417993478477001
28596000,8.098321992903948
28608000,-241.24531890451908
28620000,-476.8898373693228
28632000,-133.46171607077122
28644000,-40.29662408679724
28656000,-51.90060552209616
28668000,-168.74568106234074
28680000,-220.32925903052092
28692000,-49.05664290487766
28704000,-193.67106337100267
28716000,4.371675547212362
28728000,-203.93408308178186
28740000,-442.8855854868889
28752000,-112.9533949047327
28764000,5.05534790083766
28776000,-179.42122491449118
28788000,4.844078276306391
28800000,-88.25415653735399
28812000,-52.898837730288506
28824000,-86.26191406697035
28836000,-49.63070125877857
28848000,-537.9234942793846
28860000,-48.74088482558727
28872000,-28.586818020790815
28884000,-355.1548171117902
28896000,-157.218180462718
28908000,-91.95988339930773
28920000,-24.700523804873228
28932000,-130.05604159832
28944000,-76.7556139677763
28956000,-90.79874467849731
28968000,-421.9606100618839
28980000,-150.96761629730463
28992000,-42.30048729851842
29004000,-23.72899241745472
29016000,-27.967691466212273
29028000,-47.76325064152479
29040000,-485.5847672820091
29052000,-164.86432803422213
29064000,-269.3548218756914
29076000,-81.39187430590391
29088000,-347.1577659845352
29100000,-73.63390255719423
29112000,-19.71816549450159
29124000,-117.85683427006006
29136000,-94.72441669553518
29148000,-266.23549231886864
29160000,-143.50601559877396
29172000,-41.31587752699852
29184000,-169.59237186983228
29196000,-75.12517361715436
29208000,-59.68008767440915
29220000,-93.19521178305149
29232000,-176.9572861418128
29244000,-117.67989936470985
29256000,-230.49910064041615
29268000,-90.13783480972052
29280000,-275.7503468096256
29292000,-234.04535102844238
29304000,-88.62794918194413
29316000,-198.86283706128597
29328000,-88.8561600856483
29340000,-104.40537562221289
29352000,-171.20356711000204
29364000,-313.15796168893576
29376000,-20.17609104141593
29388000,-212.1383997797966
29400000,-84.02065970003605
29412000,-58.996831089258194
29424000,-39.28654382377863
29436000,-45.595039047300816
29448000,-51.07813482731581
29460000,11.516567384824157
29472000,-167.26393964886665
29484000,-85.65246487408876
29496000,-29.29052633792162
29508000,-23.409747075289488
29520000,-97.88638997823
29532000,-132.11933819949627
29544000,-20.750322252511978
29556000,-38.76416624337435
29568000,-297.8193299472332
29580000,-17.335556652396917
29592000,-406.0193290784955
29604000,-48.81090885400772
29616000,-311.0100029334426
29628000,-224.45197711139917
29640000,-24.762378968298435
29652000,-84.84487688541412
29664000,-435.9618268609047
29676000,-166.2996230199933
29688000,-36.62577252835035
29700000,-204.849777251482
29712000,-2.0544678792357445
29724000,-130.7707823999226
29736000,-93.12133955210447
29748000,-61.20004082471132
29760000,-224.9517613425851
29772000,-16.940341733396053
29784000,-30.81248665601015
29796000,-371.9057422876358
29808000,11.756364095956087
29820000,-459.6441180035472
29832000,-105.03014512360096
29844000,-117.39899904280901
29856000,-24.677643414586782
29868000,-27.45205056294799
29880000,-93.78303166478872
29892000,-119.48603733256459
29904000,-82.92577245086432
29916000,-15.68083143979311
29928000,-16.11151622980833
29940000,-431.09266363084316
29952000,-242.6296849064529
29964000,-3.8127795718610287
29976000,-55.63202564045787
29988000,-85.21772640198469
30000000,-315.3693692237139
30012000,-387.9540093243122
30024000,-270.72467859089375
30036000,-216.93438932672143
30048000,-41.075154922902584
30060000,2.6851997524499893
30072000,-2.4805781058967113
30084000,-579.5450880527496
30096000,-54.437145844101906
30108000,-246.32655981183052
30120000,-54.27138514071703
30132000,-11.3581952303648
30144000,-243.0379291176796
30156000,-80.51099799573421
30168000,-80.35451161116362
30180000,-49.53637473285198
30192000,12.276419002562761
30204000,-98.5082278624177
30216000,-313.29361559450626
30228000,-25.301276728510857
30240000,-206.1096516996622
30252000,-2.76645490154624
30264000,-60.07339530438185
30276000,-111.45239498093724
30288000,-341.422276224941
30300000,-90.68493963778019
30312000,-65.08155142515898
30324000,-0.4630703516304493
30336000,-23.10715501010418
30348000,-4.477419212460518
30360000,-214.17307021468878
30372000,-84.09216209501028
30384000,-181.27850494161248
30396000,-10.602784287184477
30408000,-295.25127632915974
30420000,19.263695422559977
30432000,-24.427735291421413
30444000,5.3107669949531555
30456000,-35.19819384813309
30468000,-272.1749258637428
30480000,-140.80526719987392
30492000,-55.22280366718769
30504000,-367.70729653537273
30516000,-195.04626263678074
30528000,-76.06315775960684
30540000,-78.81534111499786
30552000,-176.19226329773664
30564000,-98.41857171803713
30576000,-4.437626868486404
30588000,-61.24374135583639
30600000,-22.276765882968903
30612000,-49.95426005870104
30624000,-145.51278085261583
30636000,-197.82032666355371
30648000,-326.2283874452114
30660000,-136.47139175236225
30672000,-463.67161244153976
30684000,-76.92617360502481
30696000,-151.53326388448477
30708000,-93.06992977112532
30720000,21.038341723382473
30732000,-388.13895436003804
30744000,-53.23856355249882
30756000,18.46865158714354
30768000,-279.9142408668995
30780000,-44.74313175678253
30792000,-653.0353185534477
30804000,-93.8192094154656
30816000,-86.42656745761633
30828000,-42.86794915795326
30840000,-330.62622828781605
30852000,-11.69939436018467
30864000,-189.7786824479699
30876000,-29.430544763803482
30888000,-20.43425027281046
30900000,-111.30824069678783
30912000,16.028675918467343
30924000,-173.02524376660585
30936000,-15.748190008103848
30948000,6.219208345748484
30960000,-4.239190950989723
30972000,-519.6542259454727
30984000,-101.74205124378204
30996000,-503.44246846437454
31008000,-93.17418668419123
31020000,-138.69898319989443
31032000,-76.15519377589226
31044000,-92.97433029860258
31056000,-141.63704013079405
31068000,19.25560312718153
31080000,-8.331256911158562
31092000,-69.61452853679657
31104000,-301.4691412448883
31116000,-644.8385924696922
31128000,-352.9267267808318
31140000,-336.6224255822599
31152000,-74.55860804766417
31164000,-1.2936030272394419
31176000,-312.50830751657486
31188000,-64.6386855430901
31200000,-25.434073336422443
31212000,-52.97693394124508
31224000,-131.93483662605286
31236000,-91.48826617747545
31248000,3.5316058546304703
31260000,-28.60068802535534
31272000,-120.46203019097447
31284000,-174.81393859535456
31296000,-179.32497580349445
31308000,-120.28488998115063
31320000,-73.40091528743505
31332000,-382.80365720018744
31344000,-262.5339758321643
31356000,27.606896330602467
31368000,1.4393594060093164
31380000,-187.1090109050274
31392000,-185.57190109044313
31404000,-93.28548711538315
31416000,-156.4054259955883
31428000,-6.6410817839205265
31440000,-118.60448279976845
31452000,-56.04061872884631
31464000,-10.364529132843018
31476000,6.864817123860121
31488000,-669.3844989538193
31500000,-581.1028726100922
31512000,-266.23195527493954
31524000,-41.045731857419014
31536000,-10.02614862471819
31548000,-296.3068194165826
31560000,-11.245083708316088
31572000,-321.8595455735922
31584000,-101.29954688996077
31596000,4.4706723019480705
31608000,-1.7075884975492954
31620000,-537.3498070836067
31632000,-193.72779612243176
31644000,-88.95776787772775
31656000,-163.5563271790743
31668000,-20.646642945706844
31680000,-28.120374221354723
31692000,-375.55335895717144
31704000,-101.4568963944912
31716000,-203.82268902659416
31728000,-124.82669896259904
31740000,-20.471648257225752
31752000,-115.1716848090291
31764000,-83.03119108080864
31776000,-65.88391017913818
31788000,-156.61320895701647
31800000,-233.09568464756012
31812000,-93.83239587396383
31824000,-80.97163986414671
31836000,-186.80650195479393
31848000,-74.7734189927578
31860000,-162.7835432589054
31872000,-172.9419051632285
31884000,-323.89620814472437
31896000,-444.13553816080093
31908000,-382.73352831602097
31920000,-362.26246279478073
31932000,-45.94792594015598
31944000,-117.17737631499767
31956000,-174.995379678905
31968000,-40.381577141582966
31980000,-246.72586477547884
31992000,-38.095736011862755
32004000,-4.796305123716593
32016000,-353.73702070116997
32028000,-93.93768358230591
32040000,-43.86499157175422
32052000,-37.852568946778774
32064000,-266.36813592910767
32076000,-41.05270804464817
32088000,-69.3562201783061
32100000,-31.765118557959795
32112000,11.43995525687933
32124000,-185.38737658411264
32136000,-76.51480174064636
32148000,-188.159308321774
32160000,-521.2821719348431
32172000,-516.3094592392445
32184000,-254.9389032572508
32196000,-91.78436313942075
32208000,-173.08774375915527
32220000,-115.30820820480585
32232000,-364.60140109062195
32244000,-133.58036860078573
32256000,-68.66619046777487
32268000,-14.014323979616165
32280000,-69.9326272085309
32292000,-66.52696028351784
32304000,-125.13778345286846
32316000,-285.3347075805068
32328000,-166.96106484904885
32340000,0.12129047513008118
32352000,-91.44463597238064
32364000,-42.86211255937815
32376000,-141.3701836168766
32388000,-1.1269473768770695
32400000,-56.42225890606642
32412000,-54.66839297860861
32424000,-27.961202554404736
32436000,-123.8787180557847
32448000,-10.513624433428049
32460000,-143.97997914999723
32472000,-121.66159947216511
32484000,-47.74061366915703
32496000,7.1072448417544365
32508000,-3.6754860691726208
32520000,-11.735403127968311
32532000,-361.0994635373354
32544000,-35.072620399296284
32556000,-41.64230749756098
32568000,7.936886418610811
32580000,-176.60636856406927
32592000,-280.37888795509934
32604000,-134.98211358487606
32616000,9.868353206664324
32628000,-40.96984226629138
32640000,-354.2466618716717
32652000,-370.19622254371643
32664000,-13.285211388021708
32676000,-76.99493892118335
32688000,6.4973664451390505
32700000,11.606194961816072
32712000,-472.90880186855793
32724000,-146.8846449777484
32736000,-78.07236506044865
32748000,-81.99429614841938
32760000,-498.8213131427765
32772000,-23.165028292685747
32784000,-160.6391835361719
32796000,-120.53710868954659
32808000,-71.84416538476944
32820000,4.572748500853777
32832000,-487.4524394571781
32844000,-87.02154082804918
32856000,1.2396074384450912
32868000,-100.82558515667915
32880000,-161.41756819933653
32892000,-395.97548216581345
32904000,-149.98869913816452
32916000,-27.57359224744141
32928000,-194.9141591489315
32940000,-361.4155987277627
32952000,-430.85512042045593
32964000,-68.25410667806864
32976000,-20.98367667198181
32988000,-57.0050758048892
33000000,-31.529661970213056
33012000,-23.354177460074425
33024000,-37.1597630828619
33036000,-43.439311753958464
33048000,-285.4146580323577
33060000,-183.8906486108899
33072000,-364.55695354938507
33084000,-79.46064115315676
33096000,-269.4753920286894
33108000,-706.4432671070099
33120000,-139.03105048835278
33132000,-227.92164442688227
33144000,-703.5526325702667
33156000,-51.42562901601195
33168000,-6.816787861287594
33180000,-4.408495020121336
33192000,-298.51663041114807
33204000,-96.97086849808693
33216000,-152.53944544494152
33228000,-121.20540615916252
33240000,-1.8360464796423912
33252000,4.215835213661194
33264000,-2.6517957523465157
33276000,-177.75924517214298
33288000,-556.0468835830688
33300000,-47.64246763661504
33312000,-156.0292118564248
33324000,-170.79439739882946
33336000,-60.34177301079035
33348000,-60.51229175180197
33360000,-332.53647300601006
33372000,-90.2576422020793
33384000,-59.03436925634742
33396000,-72.92083390802145
33408000,-198.55594592541456
33420000,-53.9738532230258
33432000,0.40959423035383224
33444000,-472.14931285381317
33456000,-65.63448552042246
33468000,-78.56799943745136
33480000,-6.482578497380018
33492000,-177.4240349009633
33504000,6.420091031119227
33516000,-120.35379675775766
33528000,-186.43599208816886
33540000,-245.46173191815615
33552000,-217.09870547801256
33564000,-81.53378619253635
33576000,-189.5544322952628
33588000,-93.5952872261405
33600000,-281.86085027456284
33612000,1.141275990754366
33624000,-332.2892098426819
33636000,-69.33866061270237
33648000,-152.47047512233257
33660000,-6.317358464002609
33672000,-272.2306673824787
33684000,-22.390147544443607
33696000,-69.83846533298492
33708000,-174.46802768856287
33720000,-11.106253501027822
33732000,-300.7805071622133
33744000,-296.8570087328553
33756000,-212.64144142717123
33768000,-26.4250699095428
33780000,-13.62689583748579
33792000,-146.855959109962
33804000,-200.98513696342707
33816000,-207.19426769018173
33828000,-28.3742760643363
33840000,-571.0812775492668
33852000,11.12722385674715
33864000,-152.02774819731712
33876000,-76.39905569702387
33888000,-124.21668592840433
33900000,-106.84209805727005
33912000,-595.3568943142891
33924000,-66.26111324876547
33936000,-65.15231087058783
33948000,-80.69138896465302
33960000,-271.8253438025713
33972000,-150.9306450113654
33984000,-89.83143346011639
33996000,-145.14895003288984
34008000,-58.85476113855839
34020000,-84.40986027568579
34032000,-21.807942286133766
34044000,-92.03179314360023
34056000,-103.25919603556395
34068000,-163.57448606565595
34080000,-17.53641589730978
34092000,-158.9932616725564
34104000,-100.14215832948685
34116000,-94.9511810541153
34128000,-383.8433948904276
34140000,-130.86213936284184
34152000,-122.47831270098686
34164000,-13.123171714134514
34176000,-149.72224696725607
34188000,-544.4849662184715
34200000,-273.91884350031614
34212000,-11.26905532553792
34224000,-34.53567127138376
34236000,-90.75950456410646
34248000,3.0766269974410534
34260000,-193.87937899678946
34272000,-8.888352483510971
34284000,-167.54905590415
34296000,-177.77414333820343
34308000,-208.04346990585327
34320000,-141.0550176501274
34332000,-37.95645137503743
34344000,-130.8143390417099
34356000,-212.7820540368557
34368000,-75.29969023168087
34380000,-536.2766591310501
34392000,-15.66671684756875
34404000,-222.66761353611946
34416000,-238.11542324721813
34428000,17.82736460119486
34440000,-43.12752081081271
34452000,-87.39626521617174
34464000,-23.637027747929096
34476000,-215.63200638443232
34488000,-167.34520576894283
34500000,-854.638051867485
34512000,-246.63420312851667
34524000,28.691386281512678
34536000,-330.8665832579136
34548000,-117.38503637909889
34560000,-6.035138353705406
34572000,-12.669500350952148
34584000,-66.00941036641598
34596000,3.2808599956333637
34608000,-19.031449545174837
34620000,-24.045983005315065
34632000,0.8458141200244427
34644000,-86.5130632519722
34656000,-650.8521628379822
34668000,-154.91171001642942
34680000,-484.01090186834335
34692000,-191.44797487556934
34704000,-36.638324085623026
34716000,-434.1694198846817
34728000,-41.05212713778019
34740000,-63.189101338386536
34752000,-201.71981766819954
34764000,8.622655153274536
34776000,-401.43309503793716
34788000,-187.12539329379797
34800000,-68.31431641429663
34812000,-225.1726684421301
34824000,-207.25032643973827
34836000,-172.6289204210043
34848000,-9.657073121517897
34860000,7.774768389761448
34872000,-33.769224260002375
34884000,-25.750667363405228
34896000,-221.2149827517569
34908000,-112.9334361627698
34920000,22.647864393889904
34932000,-217.13613358139992
34944000,15.338927518576384
34956000,-80.1661035194993
34968000,-119.45770512521267
34980000,-150.20887814462185
34992000,-338.4594555795193
35004000,-715.4837877750397
35016000,-625.5078034698963
35028000,-143.10881594195962
35040000,-66.16626990586519
35052000,-214.50151623785496
35064000,-89.14435010403395
35076000,-44.98381940275431
35088000,-477.0984518826008
35100000,-86.16626414656639
35112000,9.285510763525963
35124000,-285.45110980421305
35136000,-269.16222018003464
35148000,-181.62651740014553
35160000,-32.48893991857767
35172000,-39.00018664449453
35184000,-218.16827228665352
35196000,-227.65330436825752
35208000,-32.51515702158213
35220000,-193.797881282866
35232000,-88.81859271228313
35244000,-110.2594027929008
35256000,-31.050447149202228
35268000,-52.24542352557182
35280000,-132.6254299581051
35292000,-598.9346832036972
35304000,-106.1431576833129
35316000,-218.99599121510983
35328000,-251.1464682519436
35340000,-246.17555662989616
35352000,-143.03759029507637
35364000,-209.91890217363834
35376000,-267.4597225487232
35388000,-209.70207714289427
35400000,-66.50199929624796
35412000,-101.9851204380393
35424000,-247.47519056499004
35436000,-131.06188935041428
35448000,-180.5452683120966
35460000,-100.61864716559649
35472000,-135.69414299726486
35484000,-118.62003620713949
35496000,-647.225464463234
35508000,-166.848619569093
35520000,-22.58499340713024
35532000,-27.236616074107587
35544000,-466.1054391860962
35556000,-203.18871058523655
35568000,-133.64078924804926
35580000,-38.06638106703758
35592000,-75.35874372720718
35604000,-25.960604026913643
35616000,-222.84847074002028
35628000,8.230366356670856
35640000,-153.8242957815528
35652000,-98.38967235013843
35664000,-165.30057676881552
35676000,-57.87200678884983
35688000,-240.86467151343822
35700000,-86.45257732644677
35712000,-223.4706787765026
35724000,-95.13991425931454
35736000,-101.68259143829346
35748000,-1.384278777986765
35760000,-123.90130781382322
35772000,-374.80399637669325
35784000,-185.31023108959198
35796000,-54.70138751715422
35808000,-58.126140512526035
35820000,-108.42207384854555
35832000,-76.4749137237668
35844000,-63.00105597823858
35856000,-14.55568154156208
35868000,-188.4690286964178
35880000,-709.893837928772
35892000,-121.4809035807848
35904000,-537.0725799202919
35916000,-254.48070543259382
35928000,-54.31360121071339
35940000,-393.1524342894554
35952000,-11.629022054374218
35964000,-411.76137997955084
35976000,-36.250871777534485
35988000,-220.9718450307846
36000000,1.807342790067196
36012000,-68.79797174781561
36024000,-413.73747476935387
36036000,-200.58316054940224
36048000,14.340988231822848
36060000,-491.35906422138214
36072000,-212.51900751888752
36084000,-74.8596893697977
36096000,-61.79897731915116
36108000,-108.97136031091213
36120000,-140.7228467836976
36132000,-720.4781465530396
36144000,-13.014473624527454
36156000,-205.80286887288094
36168000,-138.90618774294853
36180000,-221.82540153712034
36192000,-198.63485503196716
36204000,-32.33499604091048
36216000,-14.447472456842661
36228000,15.263956725597382
36240000,-7.991682410240173
36252000,-226.83157797157764
36264000,-204.20444868505
36276000,-362.515909679234
36288000,-220.97603864967823
36300000,-162.87841575592756
36312000,4.583076104521751
36324000,-47.94257549196482
36336000,-5.87224006280303
36348000,-36.800631396472454
36360000,-489.006020963192
36372000,-47.66154482215643
36384000,-17.456731259822845
36396000,-177.82642785459757
36408000,-58.14994966238737
36420000,-260.3354649320245
36432000,-203.28875773400068
36444000,-135.0928784608841
36456000,-62.107090167701244
36468000,-92.41917944699526
36480000,-187.55779311805964
36492000,-468.66196632385254
36504000,-114.75693483650684
36516000,-25.037377320230007
36528000,-60.64425905793905
36540000,-167.64724904298782
36552000,-88.08105752617121
36564000,-59.68311885371804
36576000,-247.64057783037424
36588000,-32.46450653672218
36600000,-232.27641978859901
36612000,-207.68908023834229
36624000,-67.24057956784964
36636000,-307.4173626303673
36648000,-53.26584592089057
36660000,-172.53726813942194
36672000,-102.4763652086258
36684000,-78.29426926374435
36696000,-172.82057693600655
36708000,-144.07949040830135
36720000,-12.196827709674835
36732000,-265.8542048037052
36744000,-47.312946766614914
36756000,-292.1718619391322
36768000,-0.1882607340812683
36780000,-241.4667670726776
36792000,-22.07930663228035
36804000,-87.85767773538828
36816000,-122.82302362844348
36828000,-46.617787674069405
36840000,-288.7076460570097
36852000,-31.786844730377197
36864000,-138.76746071130037
36876000,-44.02105648815632
36888000,-27.77370121702552
36900000,-228.52309620380402
36912000,-260.7815251350403
36924000,-212.20044852793217
36936000,-10.04750743880868
36948000,-165.7179892808199
36960000,1.7057124134153128
36972000,-102.47236607968807
36984000,-1.7744052857160568
36996000,-15.43992643803358
37008000,-242.23435735702515
37020000,9.170939207077026
37032000,-575.9145308732986
37044000,-223.03320725262165
37056000,-193.8591162338853
37068000,-431.98493602871895
37080000,-292.2615820169449
37092000,5.537949038669467
37104000,-120.16514085233212
37116000,-574.5971130728722
37128000,0.3548060953617096
37140000,-116.6773925870657
37152000,-19.50459736585617
37164000,-85.43992836773396
37176000,-81.12371534109116
37188000,-144.29112739861012
37200000,-191.6799644380808
37212000,-191.01797794550657
37224000,-10.767248898744583
37236000,-22.802297942340374
37248000,-11.577476806938648
37260000,-12.494555424898863
37272000,-144.6648171208799
37284000,-90.0216089785099
37296000,-195.93532240390778
37308000,-178.08954647555947
37320000,-178.4851453229785
37332000,-174.6244657188654
37344000,-139.93301913142204
37356000,-404.1453109383583
37368000,-124.0569341853261
37380000,-351.1556155830622
37392000,-113.60550381243229
37404000,-41.4632618650794
37416000,-101.12961963564157
37428000,-1010.8101871013641
37440000,-309.74663345888257
37452000,-91.01495959609747
37464000,11.46332985162735
37476000,-19.20674378424883
37488000,-24.930949818342924
37500000,-95.18876666203141
37512000,-64.17463470995426
37524000,-126.1053252890706
37536000,-519.0009268522263
37548000,-89.83787124976516
37560000,-180.23311239480972
37572000,-28.050295885652304
37584000,-46.79581907391548
37596000,-546.2542825341225
37608000,-225.79454736411572
37620000,-351.924935400486
37632000,-41.64660491794348
37644000,-21.76509290933609
37656000,-38.041376523673534
37668000,12.165830105543137
37680000,-200.8877014964819
37692000,-102.06722790747881
37704000,-204.2097302377224
37716000,-36.80872702598572
37728000,-33.88207556307316
37740000,-300.59065245836973
37752000,-47.47097623348236
37764000,-27.854835156351328
37776000,-5.6108060143888
37788000,-85.07231174781919
37800000,-67.08057815954089
37812000,-79.78236367553473
37824000,-21.236284900456667
37836000,-24.782521918416023
37848000,-283.21545746922493
37860000,-184.95188684761524
37872000,-193.45590075850487
37884000,-231.25491753220558
37896000,-127.69558857381344
37908000,-516.9667333811522
37920000,-235.43410893902183
37932000,-289.56921172887087
37944000,-50.66501761227846
37956000,-84.36706085503101
37968000,-386.3581672310829
37980000,-10.372046753764153
37992000,-59.360414016991854
38004000,-14.35205128788948
38016000,-223.3858502060175
38028000,33.983403789075965
38040000,-55.9608544036746
38052000,-119.16722583025694
38064000,-10.59982454776764
38076000,-722.8981182575226
38088000,-11.009384669363499
38100000,-149.71788313239813
38112000,-52.68416403234005
38124000,-741.6935818195343
38136000,-102.04635447263718
38148000,-174.2809406146407
38160000,-193.21643211692572
38172000,-215.62354822456837
38184000,-128.7003408819437
38196000,-91.36800343543291
38208000,-60.56696189939976
38220000,-267.14538629353046
38232000,-31.91036758571863
38244000,-68.48819859325886
38256000,-434.77100494503975
38268000,-103.5896603539586
38280000,-78.65515356510878
38292000,-22.40409144759178
38304000,-252.9328422099352
38316000,-315.11932957172394
38328000,-301.31648214161396
38340000,-6.387271996587515
38352000,-39.89733277261257
38364000,-172.2568811327219
38376000,-558.9538652598858
38388000,-4.334882125258446
38400000,-189.45640574395657
38412000,-616.5997016429901
38424000,15.383501010015607
38436000,-127.09467902034521
38448000,-24.033511005342007
38460000,-401.78700698167086
38472000,-243.54306588321924
38484000,-82.8416587524116
38496000,-375.8543823584914
38508000,-172.52655369788408
38520000,-65.74263589084148
38532000,-139.14462441205978
38544000,-181.78106300532818
38556000,-361.6054533086717
38568000,-225.71678990125656
38580000,-161.51431364566088
38592000,-41.6244706325233
38604000,-279.9362813234329
38616000,-237.1235541217029
38628000,-479.8410425186157
38640000,-58.86968994885683
38652000,-72.08598247170448
38664000,-60.64825027436018
38676000,-63.97860890254378
38688000,-66.38913781940937
38700000,-579.6160692870617
38712000,-62.806032709777355
38724000,-267.79638198018074
38736000,-229.44633086025715
38748000,-92.84250010550022
38760000,-62.0011722445488
38772000,-30.71918611973524
38784000,-167.6340187638998
38796000,-5.867602601647377
38808000,-37.58415261656046
38820000,-218.0098152011633
38832000,-206.07186619192362
38844000,-126.32572252303362
38856000,-188.9401680380106
38868000,-29.97453934699297
38880000,-54.85958165675402
38892000,-666.9384159445763
38904000,-400.1337204053998
38916000,-281.6839244067669
38928000,-15.871868781745434
38940000,-536.4002404212952
38952000,-378.73472901433706
38964000,4.030188232660294
38976000,-7.208733923733234
38988000,-691.0812799930573
39000000,-276.50105306506157
39012000,-29.831555269658566
39024000,-83.62593042105436
39036000,-346.289687871933
39048000,-736.0440279245377
39060000,-282.0780082270503
39072000,-1.1351083144545555
39084000,-402.25831001996994
39096000,-254.0488422960043
39108000,-29.88408476114273
39120000,-0.24660249426960945
39132000,-256.77610621601343
39144000,-147.98649744689465
39156000,-237.5071125626564
39168000,-94.68305940926075
39180000,-548.1367322802544
39192000,-641.0928390026093
39204000,-176.74845844134688
39216000,-169.20124192535877
39228000,-160.32678221911192
39240000,-11.226155938580632
39252000,-255.52441623806953
39264000,-148.54748807102442
39276000,-60.06169152259827
39288000,-169.63999988883734
39300000,-123.80314554274082
39312000,-439.3919308260083
39324000,-43.01557902991772
39336000,-75.3428254276514
39348000,-193.28527675569057
39360000,-88.16506206989288
39372000,-106.19332098215818
39384000,-321.47387728095055
39396000,-103.18507703393698
39408000,-400.3214502893388
39420000,-149.81606290116906
39432000,-236.23149989545345
39444000,-235.1357708759606
39456000,-31.80336757004261
39468000,-319.05604711174965
39480000,1.962137296795845
39492000,-37.16691093146801
39504000,-41.361074924468994
39516000,-241.09233658760786
39528000,-421.1780043244362
39540000,-11.273021660745144
39552000,-663.3561916351318
39564000,-321.72865802049637
39576000,-18.797099478542805
39588000,-503.69281189888716
39600000,-24.079236697405577
39612000,-132.38889256864786
39624000,-242.88753058761358
39636000,-224.9090770483017
39648000,-51.08322773873806
39660000,-19.821158634498715
39672000,-278.09514696896076
39684000,-136.44812609255314
39696000,-71.922717705369
39708000,-0.2412545420229435
39720000,-193.97311598062515
39732000,-82.69177504256368
39744000,-8.03313410654664
39756000,-4.318580090999603
39768000,-230.41641292721033
39780000,-19.381439603865147
39792000,-68.96028127521276
39804000,-9.66602686047554
39816000,-89.55337972193956
39828000,-35.10547590255737
39840000,-49.431280206888914
39852000,-312.39722138643265
39864000,-40.22976325452328
39876000,-47.28151861578226
39888000,-99.38330691680312
39900000,-500.0064308568835
39912000,-87.86694406718016
39924000,-33.051210125908256
39936000,-28.661571806296706
39948000,-162.3972156047821
39960000,-351.83477506041527
39972000,-235.3159194290638
39984000,-297.4756010770798
39996000,-625.1229411959648
40008000,-61.64352771639824
40020000,5.173156373202801
40032000,-241.2829299494624
40044000,-425.605186291039
40056000,-327.9933362863958
40068000,-707.9613052010536
40080000,-55.37179699540138
40092000,-0.056825391948223114
40104000,-78.42295876145363
40116000,8.180246639996767
40128000,-19.612632282078266
40140000,-70.21150510013103
40152000,-216.62180840969086
40164000,-207.62552930414677
40176000,-25.060654625296593
40188000,-62.967319674789906
40200000,-51.49155884236097
40212000,-162.04954584687948
40224000,-103.53057171404362
40236000,-572.8430092930794
40248000,-274.5707248188555
40260000,-67.18179153650999
40272000,-212.10582591220737
40284000,-373.7934566438198
40296000,-93.1632627248764
40308000,-561.0043560266495
40320000,-16.845522448420525
40332000,-164.4112898260355
40344000,-794.1202194690704
40356000,-85.01507788524032
40368000,-601.100358068943
40380000,-370.01216474175453
40392000,-89.86882152408361
40404000,-128.82202930003405
40416000,-21.19686122611165
40428000,-879.2284787893295
40440000,-33.34036156907678
40452000,-161.1552518904209
40464000,-100.05076128989458
40476000,-108.69001644849777
40488000,-703.3425134420395
40500000,-115.48071122169495
40512000,-181.50775592029095
40524000,-249.7488081753254
40536000,-0.7842632979154587
40548000,-20.011444322764874
40560000,-55.04440900683403
40572000,-174.34403789415956
40584000,-0.4786495342850685
40596000,-29.840910598635674
40608000,1.3908156529068947
40620000,-202.9453915208578
40632000,-461.28396928310394
40644000,2.2741949297487736
40656000,-270.01117084920406
40668000,-105.42232272773981
40680000,-0.18324627727270126
40692000,-51.00749618560076
40704000,-447.83864365518093
40716000,-57.74138402938843
40728000,-117.94623804092407
40740000,-33.23393804207444
40752000,-3.5782157331705093
40764000,-49.726581890136
40776000,-22.017516396939754
40788000,-127.67111646011472
40800000,-514.4293525367975
40812000,-96.32771680504084
40824000,10.941668827086687
40836000,-39.88013518601656
40848000,-53.890545547008514
40860000,-439.71051063388586
40872000,-300.48630652576685
40884000,-345.5400525331497
40896000,-135.28061790764332
40908000,-103.96377731859684
40920000,-196.14160122722387
40932000,-164.92863362282515
40944000,-8.547186061739922
40956000,-21.187754932790995
40968000,-11.021368891000748
40980000,-150.05097002536058
40992000,-116.0840057991445
41004000,-11.777496736496687
41016000,-104.39592971652746
41028000,-18.525429487228394
41040000,-134.76917634159327
41052000,-22.56977479159832
41064000,-405.8768611103296
41076000,-117.21347144246101
41088000,-775.0936747789383
41100000,-277.8709685355425
41112000,-11.24124140292406
41124000,-20.726577887311578
41136000,-227.2293456569314
41148000,-42.15020924061537
41160000,-56.89710254594684
41172000,-33.32025646418333
41184000,-399.5897890627384
41196000,-245.2252880781889
41208000,-199.06593940407038
41220000,-54.736033126711845
41232000,-138.6343515738845
41244000,-250.85165540874004
41256000,-211.7388279363513
41268000,-162.81108759716153
41280000,-383.2133230417967
41292000,-25.35265700891614
41304000,-106.63178705051541
41316000,-127.3987448066473
41328000,-363.09884387254715
41340000,-100.10205151885748
41352000,-88.81274776160717
41364000,15.679030266590416
41376000,-73.42891789600253
41388000,-632.5535537600517
41400000,-120.82922364771366
41412000,10.61384416371584
41424000,-23.007751137018204
41436000,-54.19091487675905
41448000,-16.876483857631683
41460000,0.2970095984637737
41472000,-34.60517232120037
41484000,-259.96599365770817
41496000,-56.59749146550894
41508000,19.685216959565878
41520000,-18.299142949283123
41532000,-13.66394180431962
41544000,-143.8052918985486
41556000,-54.132168881595135
41568000,-4.81328671425581
41580000,-69.92056670039892
41592000,12.404798619449139
41604000,-19.356253318488598
41616000,-519.5631418824196
41628000,-455.41303223371506
41640000,-18.741401348263025
41652000,-150.99326727166772
41664000,-183.12577411532402
41676000,-94.4002091884613
41688000,-42.37988390401006
41700000,-23.940266098827124
41712000,-218.06361524760723
41724000,-183.68268767744303
41736000,-93.7178917825222
41748000,-111.2861443720758
41760000,-147.50407417863607
41772000,-4.606419939547777
41784000,-151.200142364949
41796000,-97.87009359896183
41808000,-108.47225061058998
41820000,-41.85203184187412
41832000,-539.6346431076527
41844000,-179.9896090850234
41856000,-28.475681252777576
41868000,-102.44357857853174
41880000,-13.453532353043556
41892000,-258.27652940154076
41904000,-481.0564184784889
41916000,-54.7133032977581
41928000,-192.00119312107563
41940000,-29.71156270056963
41952000,-31.67752892524004
41964000,-216.86269115656614
41976000,-268.6670920550823
41988000,-179.75472482293844
42000000,-44.761230789124966
42012000,-195.81789754331112
42024000,-114.62122214585543
42036000,-206.81850662827492
42048000,-344.7136872559786
42060000,-148.64287973195314
42072000,-363.69072637334466
42084000,-31.8115552701056
42096000,-255.21560131758451
42108000,-161.19451397284865
42120000,-198.61463125050068
42132000,-794.3842161893845
42144000,-232.64916789904237
42156000,-569.5451072454453
42168000,-77.57372527197003
42180000,-19.081450197845697
42192000,-745.0785936117172
42204000,-26.8474679030478
42216000,-276.1769255101681
42228000,-6.302432971075177
42240000,-127.83117324113846
42252000,-219.97124826908112
42264000,-366.7132963910699
42276000,-215.9380246847868
42288000,-294.1308320686221
42300000,-67.19801852107048
42312000,-133.9796091169119
42324000,-73.03516728803515
42336000,-7.660565923899412
42348000,-36.15688840672374
42360000,-94.47639060020447
42372000,-155.99863978475332
42384000,-137.70510412752628
42396000,-84.5731331370771
42408000,-142.81208172813058
42420000,-172.14001868665218
42432000,-87.98159722238779
42444000,-18.40657940506935
42456000,-54.09631659835577
42468000,-22.941493574529886
42480000,-282.7554938644171
42492000,-386.592263892293
42504000,-17.62625491991639
42516000,4.1885087713599205
42528000,-385.07600079476833
42540000,-44.60797009989619
42552000,-368.56546258181334
42564000,-77.08548621833324
42576000,-138.8225677087903
42588000,-134.0741111561656
42600000,-209.89020504057407
42612000,-142.35668383538723
42624000,-1.7331677749752998
42636000,21.90268019773066
42648000,-72.32217687368393
42660000,-67.37846155837178
42672000,-18.170621249824762
42684000,-44.21267418563366
42696000,-97.36114463210106
42708000,-24.03620145842433
42720000,-98.03173503652215
42732000,-110.6251381598413
42744000,-25.316455218940973
42756000,-4.034919749945402
42768000,-220.64246984571218
42780000,-196.60828103125095
42792000,-239.83697107434273
42804000,-79.18051993846893
42816000,-55.17358914017677
42828000,-235.36192624270916
42840000,-32.856832936406136
42852000,-72.94997257739305
42864000,-45.104905284941196
42876000,-518.8860393464565
42888000,-339.9641317129135
42900000,-173.27464132383466
42912000,-25.50483348965645
42924000,-505.36997881531715
42936000,-32.14850554987788
42948000,-169.25671311095357
42960000,-457.49748136103153
42972000,-23.493609093129635
42984000,-186.4372069016099
42996000,-604.2864939570427
43008000,-150.96265016496181
43020000,-40.14722390472889
43032000,-143.11968530714512
43044000,-103.48977616429329
43056000,-14.729206506162882
43068000,-472.14556792378426
43080000,-228.15404072403908
43092000,-112.3710634559393
43104000,-175.92146266251802
43116000,-81.32077200710773
43128000,-523.7255541980267
43140000,-122.97996819764376
43152000,-72.47238725423813
43164000,-104.28623135760427
43176000,-62.34761334583163
43188000,-319.0583067089319
43200000,-105.79509019851685
43212000,-183.29195366054773
43224000,-10.748649671673775
43236000,-130.93761510401964
43248000,-104.7109232135117
43260000,-179.00709287077188
43272000,-9.847966983914375
43284000,-35.70076272636652
43296000,-5.434203766286373
43308000,-100.04015020281076
43320000,-15.947578124701977
43332000,-112.42776292562485
43344000,-400.9766229689121
43356000,-40.77878490835428
43368000,-279.87576864659786
43380000,-237.51327203214169
43392000,-27.637276776134968
43404000,-139.2075202949345
43416000,-33.93226048350334
43428000,-67.39203507453203
43440000,-464.6939790993929
43452000,-9.34572210162878
43464000,-73.89862214773893
43476000,-15.089727200567722
43488000,-178.93284235149622
43500000,-266.2131973877549
43512000,-103.16152579337358
43524000,-196.25437255203724
43536000,-53.305039413273335
43548000,-9.341465644538403
43560000,-26.65583251044154
43572000,-168.71870005875826
43584000,-91.22559513151646
43596000,-214.68868772685528
43608000,-9.571987446397543
43620000,-245.94605441391468
43632000,-242.3313012123108
43644000,-112.54784839600325
43656000,8.911730751395226
43668000,23.058922089636326
43680000,-228.6524454727769
43692000,-68.43050976470113
43704000,-37.034091614186764
43716000,-191.63847591727972
43728000,7.0726818311959505
43740000,-212.86289376020432
43752000,-108.35673446208239
43764000,-310.00189381092787
43776000,-278.74177956581116
43788000,-41.116733860224485
43800000,-149.9504305422306
43812000,-525.9734261482954
43824000,-3.2911803498864174
43836000,-255.5421460866928
43848000,-15.49880988523364
43860000,-21.812523648142815
43872000,-15.956360787153244
43884000,-235.58819998055696
43896000,-210.57625921070576
43908000,-278.9211324118078
43920000,-736.7036582231522
43932000,-249.59849125146866
43944000,-133.97470097988844
43956000,-346.2287423759699
43968000,-113.38367913663387
43980000,-101.25282648205757
43992000,-596.5476636886597
44004000,-208.98852843046188
44016000,-256.93612164258957
44028000,-105.5488111935556
44040000,-83.5314654558897
44052000,-210.4323511235416
44064000,-72.81867487728596
44076000,-36.66854690760374
44088000,-439.8559490144253
44100000,-255.76823746412992
44112000,-438.1417695209384
44124000,-90.54748932272196
44136000,2.430141270160675
44148000,-401.47024105489254
44160000,-249.2169709429145
44172000,0.5983442571014166
44184000,20.83086004666984
44196000,-353.4941268377006
44208000,-45.03525738418102
44220000,-7.164740703999996
44232000,-113.71154886111617
44244000,-238.7068678289652
44256000,-109.08324854448438
44268000,-105.60954601317644
44280000,-550.3684476017952
44292000,-28.854863222688437
44304000,2.899324482306838
44316000,19.78133757226169
44328000,-179.15799709409475
44340000,-333.33942898362875
44352000,4.410985020920634
44364000,-1.361234437674284
44376000,-53.09194339066744
44388000,-9.038956563919783
44400000,-60.245443515479565
44412000,-62.75711154192686
44424000,-142.99270601943135
44436000,7.813437197357416
44448000,-62.81985301524401
44460000,-52.931032083928585
44472000,-367.95958049595356
44484000,-26.89312844350934
44496000,-16.25735303014517
44508000,-341.43950828909874
44520000,3.2390752509236336
44532000,-96.38155154138803
44544000,-99.41480864211917
44556000,-0.3225747775286436
44568000,-254.34443742409348
44580000,0.39714117581024766
44592000,-177.35145840793848
44604000,-64.4290344119072
44616000,-85.07101484388113
44628000,-89.12719711661339
44640000,-49.53583401441574
44652000,-26.152274809777737
44664000,8.6189741268754
44676000,-60.22588202357292
44688000,-104.83758883923292
44700000,6.703538348898292
44712000,-89.14201617985964
44724000,-107.01845666021109
44736000,-362.1697347983718
44748000,-62.73804312944412
44760000,-179.51293864101171
44772000,-144.04296739026904
44784000,-949.2537041902542
44796000,-134.15092559158802
44808000,-178.14919993281364
44820000,-68.22096110880375
44832000,-142.70641212910414
44844000,3.674692116677761
44856000,-491.43426409363747
44868000,-32.235807687044144
44880000,-26.807004645466805
44892000,-423.17939296364784
44904000,-85.70309033244848
44916000,-273.5863487496972
44928000,-242.02415426820517
44940000,-7.772855058312416
44952000,-12.337653452530503
44964000,-130.4036491960287
44976000,-207.87642651051283
44988000,-239.64414233714342
45000000,-92.72792568057775
45012000,-23.064679957926273
45024000,12.039870161563158
45036000,-108.02322202920914
45048000,-162.67358580976725
45060000,-156.46254906058311
45072000,-212.93450886756182
45084000,-165.92308907955885
